id,length,pes_number,file_size,output_size,submission_time,resource_id,vm_id,status,start_time,finish_time,waiting_time,execution_time,response_time
1,10000,1,3000,300,0.0,0,0,SUCCESS,0.0,40.0,0.0,40.0,40.0
2,50000,1,3000,300,0.0,1,1,SUCCESS,0.0,200.0,0.0,200.0,200.0
3,100000,1,3000,300,0.0,0,2,SUCCESS,0.0,400.0,0.0,400.0,400.0
4,10000,1,3000,300,0.0,1,3,SUCCESS,0.0,40.0,0.0,40.0,40.0
5,10000,1,3000,300,0.0,0,4,SUCCESS,0.0,40.0,0.0,40.0,40.0
6,50000,1,3000,300,0.0,1,5,SUCCESS,0.0,200.0,0.0,200.0,200.0
7,10000,1,3000,300,0.0,0,6,SUCCESS,0.0,40.0,0.0,40.0,40.0
8,100000,1,3000,300,0.0,1,7,SUCCESS,0.0,400.0,0.0,400.0,400.0
9,50000,1,3000,300,0.0,0,0,SUCCESS,40.0,240.0,40.0,200.0,240.0
10,10000,1,3000,300,0.0,1,1,SUCCESS,200.0,240.0,200.0,40.0,240.0
11,10000,1,3000,300,0.0,0,2,SUCCESS,400.0,440.0,400.0,40.0,440.0
12,50000,1,3000,300,0.0,1,3,SUCCESS,40.0,240.0,40.0,200.0,240.0
13,100000,1,3000,300,0.0,0,4,SUCCESS,40.0,440.0,40.0,400.0,440.0
14,10000,1,3000,300,0.0,1,5,SUCCESS,200.0,240.0,200.0,40.0,240.0
15,10000,1,3000,300,0.0,0,6,SUCCESS,40.0,80.0,40.0,40.0,80.0
16,50000,1,3000,300,0.0,1,7,SUCCESS,400.0,600.0,400.0,200.0,600.0
17,10000,1,3000,300,0.0,0,0,SUCCESS,240.0,280.0,240.0,40.0,280.0
18,100000,1,3000,300,0.0,1,1,SUCCESS,240.0,640.0,240.0,400.0,640.0
19,50000,1,3000,300,0.0,0,2,SUCCESS,440.0,640.0,440.0,200.0,640.0
20,10000,1,3000,300,0.0,1,3,SUCCESS,240.0,280.0,240.0,40.0,280.0
21,10000,1,3000,300,0.0,0,4,SUCCESS,440.0,480.0,440.0,40.0,480.0
22,50000,1,3000,300,0.0,1,5,SUCCESS,240.0,440.0,240.0,200.0,440.0
23,100000,1,3000,300,0.0,0,6,SUCCESS,80.0,480.0,80.0,400.0,480.0
24,10000,1,3000,300,0.0,1,7,SUCCESS,600.0,640.0,600.0,40.0,640.0
25,10000,1,3000,300,0.0,0,0,SUCCESS,280.0,320.0,280.0,40.0,320.0
26,50000,1,3000,300,0.0,1,1,SUCCESS,640.0,840.0,640.0,200.0,840.0
27,10000,1,3000,300,0.0,0,2,SUCCESS,640.0,680.0,640.0,40.0,680.0
28,100000,1,3000,300,0.0,1,3,SUCCESS,280.0,680.0,280.0,400.0,680.0
29,50000,1,3000,300,0.0,0,4,SUCCESS,480.0,680.0,480.0,200.0,680.0
30,10000,1,3000,300,0.0,1,5,SUCCESS,440.0,480.0,440.0,40.0,480.0
31,10000,1,3000,300,0.0,0,6,SUCCESS,480.0,520.0,480.0,40.0,520.0
32,50000,1,3000,300,0.0,1,7,SUCCESS,640.0,840.0,640.0,200.0,840.0
33,100000,1,3000,300,0.0,0,0,SUCCESS,320.0,720.0,320.0,400.0,720.0
34,10000,1,3000,300,0.0,1,1,SUCCESS,840.0,880.0,840.0,40.0,880.0
35,10000,1,3000,300,0.0,0,2,SUCCESS,680.0,720.0,680.0,40.0,720.0
36,50000,1,3000,300,0.0,1,3,SUCCESS,680.0,880.0,680.0,200.0,880.0
37,10000,1,3000,300,0.0,0,4,SUCCESS,680.0,720.0,680.0,40.0,720.0
38,100000,1,3000,300,0.0,1,5,SUCCESS,480.0,880.0,480.0,400.0,880.0
39,50000,1,3000,300,0.0,0,6,SUCCESS,520.0,720.0,520.0,200.0,720.0
40,10000,1,3000,300,0.0,1,7,SUCCESS,840.0,880.0,840.0,40.0,880.0
41,10000,1,3000,300,0.0,0,0,SUCCESS,720.0,760.0,720.0,40.0,760.0
42,50000,1,3000,300,0.0,1,1,SUCCESS,880.0,1080.0,880.0,200.0,1080.0
43,100000,1,3000,300,0.0,0,2,SUCCESS,720.0,1120.0,720.0,400.0,1120.0
44,10000,1,3000,300,0.0,1,3,SUCCESS,880.0,920.0,880.0,40.0,920.0
45,10000,1,3000,300,0.0,0,4,SUCCESS,720.0,760.0,720.0,40.0,760.0
46,50000,1,3000,300,0.0,1,5,SUCCESS,880.0,1080.0,880.0,200.0,1080.0
47,10000,1,3000,300,0.0,0,6,SUCCESS,720.0,760.0,720.0,40.0,760.0
48,100000,1,3000,300,0.0,1,7,SUCCESS,880.0,1280.0,880.0,400.0,1280.0
49,50000,1,3000,300,0.0,0,0,SUCCESS,760.0,960.0,760.0,200.0,960.0
50,10000,1,3000,300,0.0,1,1,SUCCESS,1080.0,1120.0,1080.0,40.0,1120.0
51,10000,1,3000,300,0.0,0,2,SUCCESS,1120.0,1160.0,1120.0,40.0,1160.0
52,50000,1,3000,300,0.0,1,3,SUCCESS,920.0,1120.0,920.0,200.0,1120.0
53,100000,1,3000,300,0.0,0,4,SUCCESS,760.0,1160.0,760.0,400.0,1160.0
54,10000,1,3000,300,0.0,1,5,SUCCESS,1080.0,1120.0,1080.0,40.0,1120.0
55,10000,1,3000,300,0.0,0,6,SUCCESS,760.0,800.0,760.0,40.0,800.0
56,50000,1,3000,300,0.0,1,7,SUCCESS,1280.0,1480.0,1280.0,200.0,1480.0
57,10000,1,3000,300,0.0,0,0,SUCCESS,960.0,1000.0,960.0,40.0,1000.0
58,100000,1,3000,300,0.0,1,1,SUCCESS,1120.0,1520.0,1120.0,400.0,1520.0
59,50000,1,3000,300,0.0,0,2,SUCCESS,1160.0,1360.0,1160.0,200.0,1360.0
60,10000,1,3000,300,0.0,1,3,SUCCESS,1120.0,1160.0,1120.0,40.0,1160.0
61,10000,1,3000,300,0.0,0,4,SUCCESS,1160.0,1200.0,1160.0,40.0,1200.0
62,50000,1,3000,300,0.0,1,5,SUCCESS,1120.0,1320.0,1120.0,200.0,1320.0
63,100000,1,3000,300,0.0,0,6,SUCCESS,800.0,1200.0,800.0,400.0,1200.0
64,10000,1,3000,300,0.0,1,7,SUCCESS,1480.0,1520.0,1480.0,40.0,1520.0
65,10000,1,3000,300,0.0,0,0,SUCCESS,1000.0,1040.0,1000.0,40.0,1040.0
66,50000,1,3000,300,0.0,1,1,SUCCESS,1520.0,1720.0,1520.0,200.0,1720.0
67,10000,1,3000,300,0.0,0,2,SUCCESS,1360.0,1400.0,1360.0,40.0,1400.0
68,100000,1,3000,300,0.0,1,3,SUCCESS,1160.0,1560.0,1160.0,400.0,1560.0
69,50000,1,3000,300,0.0,0,4,SUCCESS,1200.0,1400.0,1200.0,200.0,1400.0
70,10000,1,3000,300,0.0,1,5,SUCCESS,1320.0,1360.0,1320.0,40.0,1360.0
71,10000,1,3000,300,0.0,0,6,SUCCESS,1200.0,1240.0,1200.0,40.0,1240.0
72,50000,1,3000,300,0.0,1,7,SUCCESS,1520.0,1720.0,1520.0,200.0,1720.0
73,100000,1,3000,300,0.0,0,0,SUCCESS,1040.0,1440.0,1040.0,400.0,1440.0
74,10000,1,3000,300,0.0,1,1,SUCCESS,1720.0,1760.0,1720.0,40.0,1760.0
75,10000,1,3000,300,0.0,0,2,SUCCESS,1400.0,1440.0,1400.0,40.0,1440.0
76,50000,1,3000,300,0.0,1,3,SUCCESS,1560.0,1760.0,1560.0,200.0,1760.0
77,10000,1,3000,300,0.0,0,4,SUCCESS,1400.0,1440.0,1400.0,40.0,1440.0
78,100000,1,3000,300,0.0,1,5,SUCCESS,1360.0,1760.0,1360.0,400.0,1760.0
79,50000,1,3000,300,0.0,0,6,SUCCESS,1240.0,1440.0,1240.0,200.0,1440.0
80,10000,1,3000,300,0.0,1,7,SUCCESS,1720.0,1760.0,1720.0,40.0,1760.0
81,10000,1,3000,300,0.0,0,0,SUCCESS,1440.0,1480.0,1440.0,40.0,1480.0
82,50000,1,3000,300,0.0,1,1,SUCCESS,1760.0,1960.0,1760.0,200.0,1960.0
83,100000,1,3000,300,0.0,0,2,SUCCESS,1440.0,1840.0,1440.0,400.0,1840.0
84,10000,1,3000,300,0.0,1,3,SUCCESS,1760.0,1800.0,1760.0,40.0,1800.0
85,10000,1,3000,300,0.0,0,4,SUCCESS,1440.0,1480.0,1440.0,40.0,1480.0
86,50000,1,3000,300,0.0,1,5,SUCCESS,1760.0,1960.0,1760.0,200.0,1960.0
87,10000,1,3000,300,0.0,0,6,SUCCESS,1440.0,1480.0,1440.0,40.0,1480.0
88,100000,1,3000,300,0.0,1,7,SUCCESS,1760.0,2160.0,1760.0,400.0,2160.0
89,50000,1,3000,300,0.0,0,0,SUCCESS,1480.0,1680.0,1480.0,200.0,1680.0
90,10000,1,3000,300,0.0,1,1,SUCCESS,1960.0,2000.0,1960.0,40.0,2000.0
91,10000,1,3000,300,0.0,0,2,SUCCESS,1840.0,1880.0,1840.0,40.0,1880.0
92,50000,1,3000,300,0.0,1,3,SUCCESS,1800.0,2000.0,1800.0,200.0,2000.0
93,100000,1,3000,300,0.0,0,4,SUCCESS,1480.0,1880.0,1480.0,400.0,1880.0
94,10000,1,3000,300,0.0,1,5,SUCCESS,1960.0,2000.0,1960.0,40.0,2000.0
95,10000,1,3000,300,0.0,0,6,SUCCESS,1480.0,1520.0,1480.0,40.0,1520.0
96,50000,1,3000,300,0.0,1,7,SUCCESS,2160.0,2360.0,2160.0,200.0,2360.0
97,10000,1,3000,300,0.0,0,0,SUCCESS,1680.0,1720.0,1680.0,40.0,1720.0
98,100000,1,3000,300,0.0,1,1,SUCCESS,2000.0,2400.0,2000.0,400.0,2400.0
99,50000,1,3000,300,0.0,0,2,SUCCESS,1880.0,2080.0,1880.0,200.0,2080.0
100,10000,1,3000,300,0.0,1,3,SUCCESS,2000.0,2040.0,2000.0,40.0,2040.0
101,10000,1,3000,300,0.0,0,4,SUCCESS,1880.0,1920.0,1880.0,40.0,1920.0
102,50000,1,3000,300,0.0,1,5,SUCCESS,2000.0,2200.0,2000.0,200.0,2200.0
103,100000,1,3000,300,0.0,0,6,SUCCESS,1520.0,1920.0,1520.0,400.0,1920.0
104,10000,1,3000,300,0.0,1,7,SUCCESS,2360.0,2400.0,2360.0,40.0,2400.0
105,10000,1,3000,300,0.0,0,0,SUCCESS,1720.0,1760.0,1720.0,40.0,1760.0
106,50000,1,3000,300,0.0,1,1,SUCCESS,2400.0,2600.0,2400.0,200.0,2600.0
107,10000,1,3000,300,0.0,0,2,SUCCESS,2080.0,2120.0,2080.0,40.0,2120.0
108,100000,1,3000,300,0.0,1,3,SUCCESS,2040.0,2440.0,2040.0,400.0,2440.0
109,50000,1,3000,300,0.0,0,4,SUCCESS,1920.0,2120.0,1920.0,200.0,2120.0
110,10000,1,3000,300,0.0,1,5,SUCCESS,2200.0,2240.0,2200.0,40.0,2240.0
111,10000,1,3000,300,0.0,0,6,SUCCESS,1920.0,1960.0,1920.0,40.0,1960.0
112,50000,1,3000,300,0.0,1,7,SUCCESS,2400.0,2600.0,2400.0,200.0,2600.0
113,100000,1,3000,300,0.0,0,0,SUCCESS,1760.0,2160.0,1760.0,400.0,2160.0
114,10000,1,3000,300,0.0,1,1,SUCCESS,2600.0,2640.0,2600.0,40.0,2640.0
115,10000,1,3000,300,0.0,0,2,SUCCESS,2120.0,2160.0,2120.0,40.0,2160.0
116,50000,1,3000,300,0.0,1,3,SUCCESS,2440.0,2640.0,2440.0,200.0,2640.0
117,10000,1,3000,300,0.0,0,4,SUCCESS,2120.0,2160.0,2120.0,40.0,2160.0
118,100000,1,3000,300,0.0,1,5,SUCCESS,2240.0,2640.0,2240.0,400.0,2640.0
119,50000,1,3000,300,0.0,0,6,SUCCESS,1960.0,2160.0,1960.0,200.0,2160.0
120,10000,1,3000,300,0.0,1,7,SUCCESS,2600.0,2640.0,2600.0,40.0,2640.0
121,10000,1,3000,300,0.0,0,0,SUCCESS,2160.0,2200.0,2160.0,40.0,2200.0
122,50000,1,3000,300,0.0,1,1,SUCCESS,2640.0,2840.0,2640.0,200.0,2840.0
123,100000,1,3000,300,0.0,0,2,SUCCESS,2160.0,2560.0,2160.0,400.0,2560.0
124,10000,1,3000,300,0.0,1,3,SUCCESS,2640.0,2680.0,2640.0,40.0,2680.0
125,10000,1,3000,300,0.0,0,4,SUCCESS,2160.0,2200.0,2160.0,40.0,2200.0
126,50000,1,3000,300,0.0,1,5,SUCCESS,2640.0,2840.0,2640.0,200.0,2840.0
127,10000,1,3000,300,0.0,0,6,SUCCESS,2160.0,2200.0,2160.0,40.0,2200.0
128,100000,1,3000,300,0.0,1,7,SUCCESS,2640.0,3040.0,2640.0,400.0,3040.0
129,50000,1,3000,300,0.0,0,0,SUCCESS,2200.0,2400.0,2200.0,200.0,2400.0
130,10000,1,3000,300,0.0,1,1,SUCCESS,2840.0,2880.0,2840.0,40.0,2880.0
131,10000,1,3000,300,0.0,0,2,SUCCESS,2560.0,2600.0,2560.0,40.0,2600.0
132,50000,1,3000,300,0.0,1,3,SUCCESS,2680.0,2880.0,2680.0,200.0,2880.0
133,100000,1,3000,300,0.0,0,4,SUCCESS,2200.0,2600.0,2200.0,400.0,2600.0
134,10000,1,3000,300,0.0,1,5,SUCCESS,2840.0,2880.0,2840.0,40.0,2880.0
135,10000,1,3000,300,0.0,0,6,SUCCESS,2200.0,2240.0,2200.0,40.0,2240.0
136,50000,1,3000,300,0.0,1,7,SUCCESS,3040.0,3240.0,3040.0,200.0,3240.0
137,10000,1,3000,300,0.0,0,0,SUCCESS,2400.0,2440.0,2400.0,40.0,2440.0
138,100000,1,3000,300,0.0,1,1,SUCCESS,2880.0,3280.0,2880.0,400.0,3280.0
139,50000,1,3000,300,0.0,0,2,SUCCESS,2600.0,2800.0,2600.0,200.0,2800.0
140,10000,1,3000,300,0.0,1,3,SUCCESS,2880.0,2920.0,2880.0,40.0,2920.0
141,10000,1,3000,300,0.0,0,4,SUCCESS,2600.0,2640.0,2600.0,40.0,2640.0
142,50000,1,3000,300,0.0,1,5,SUCCESS,2880.0,3080.0,2880.0,200.0,3080.0
143,100000,1,3000,300,0.0,0,6,SUCCESS,2240.0,2640.0,2240.0,400.0,2640.0
144,10000,1,3000,300,0.0,1,7,SUCCESS,3240.0,3280.0,3240.0,40.0,3280.0
145,10000,1,3000,300,0.0,0,0,SUCCESS,2440.0,2480.0,2440.0,40.0,2480.0
146,50000,1,3000,300,0.0,1,1,SUCCESS,3280.0,3480.0,3280.0,200.0,3480.0
147,10000,1,3000,300,0.0,0,2,SUCCESS,2800.0,2840.0,2800.0,40.0,2840.0
148,100000,1,3000,300,0.0,1,3,SUCCESS,2920.0,3320.0,2920.0,400.0,3320.0
149,50000,1,3000,300,0.0,0,4,SUCCESS,2640.0,2840.0,2640.0,200.0,2840.0
150,10000,1,3000,300,0.0,1,5,SUCCESS,3080.0,3120.0,3080.0,40.0,3120.0
151,10000,1,3000,300,0.0,0,6,SUCCESS,2640.0,2680.0,2640.0,40.0,2680.0
152,50000,1,3000,300,0.0,1,7,SUCCESS,3280.0,3480.0,3280.0,200.0,3480.0
153,100000,1,3000,300,0.0,0,0,SUCCESS,2480.0,2880.0,2480.0,400.0,2880.0
154,10000,1,3000,300,0.0,1,1,SUCCESS,3480.0,3520.0,3480.0,40.0,3520.0
155,10000,1,3000,300,0.0,0,2,SUCCESS,2840.0,2880.0,2840.0,40.0,2880.0
156,50000,1,3000,300,0.0,1,3,SUCCESS,3320.0,3520.0,3320.0,200.0,3520.0
157,10000,1,3000,300,0.0,0,4,SUCCESS,2840.0,2880.0,2840.0,40.0,2880.0
158,100000,1,3000,300,0.0,1,5,SUCCESS,3120.0,3520.0,3120.0,400.0,3520.0
159,50000,1,3000,300,0.0,0,6,SUCCESS,2680.0,2880.0,2680.0,200.0,2880.0
160,10000,1,3000,300,0.0,1,7,SUCCESS,3480.0,3520.0,3480.0,40.0,3520.0
161,10000,1,3000,300,0.0,0,0,SUCCESS,2880.0,2920.0,2880.0,40.0,2920.0
162,50000,1,3000,300,0.0,1,1,SUCCESS,3520.0,3720.0,3520.0,200.0,3720.0
163,100000,1,3000,300,0.0,0,2,SUCCESS,2880.0,3280.0,2880.0,400.0,3280.0
164,10000,1,3000,300,0.0,1,3,SUCCESS,3520.0,3560.0,3520.0,40.0,3560.0
165,10000,1,3000,300,0.0,0,4,SUCCESS,2880.0,2920.0,2880.0,40.0,2920.0
166,50000,1,3000,300,0.0,1,5,SUCCESS,3520.0,3720.0,3520.0,200.0,3720.0
167,10000,1,3000,300,0.0,0,6,SUCCESS,2880.0,2920.0,2880.0,40.0,2920.0
168,100000,1,3000,300,0.0,1,7,SUCCESS,3520.0,3920.0,3520.0,400.0,3920.0
169,50000,1,3000,300,0.0,0,0,SUCCESS,2920.0,3120.0,2920.0,200.0,3120.0
170,10000,1,3000,300,0.0,1,1,SUCCESS,3720.0,3760.0,3720.0,40.0,3760.0
171,10000,1,3000,300,0.0,0,2,SUCCESS,3280.0,3320.0,3280.0,40.0,3320.0
172,50000,1,3000,300,0.0,1,3,SUCCESS,3560.0,3760.0,3560.0,200.0,3760.0
173,100000,1,3000,300,0.0,0,4,SUCCESS,2920.0,3320.0,2920.0,400.0,3320.0
174,10000,1,3000,300,0.0,1,5,SUCCESS,3720.0,3760.0,3720.0,40.0,3760.0
175,10000,1,3000,300,0.0,0,6,SUCCESS,2920.0,2960.0,2920.0,40.0,2960.0
176,50000,1,3000,300,0.0,1,7,SUCCESS,3920.0,4120.0,3920.0,200.0,4120.0
177,10000,1,3000,300,0.0,0,0,SUCCESS,3120.0,3160.0,3120.0,40.0,3160.0
178,100000,1,3000,300,0.0,1,1,SUCCESS,3760.0,4160.0,3760.0,400.0,4160.0
179,50000,1,3000,300,0.0,0,2,SUCCESS,3320.0,3520.0,3320.0,200.0,3520.0
180,10000,1,3000,300,0.0,1,3,SUCCESS,3760.0,3800.0,3760.0,40.0,3800.0
181,10000,1,3000,300,0.0,0,4,SUCCESS,3320.0,3360.0,3320.0,40.0,3360.0
182,50000,1,3000,300,0.0,1,5,SUCCESS,3760.0,3960.0,3760.0,200.0,3960.0
183,100000,1,3000,300,0.0,0,6,SUCCESS,2960.0,3360.0,2960.0,400.0,3360.0
184,10000,1,3000,300,0.0,1,7,SUCCESS,4120.0,4160.0,4120.0,40.0,4160.0
185,10000,1,3000,300,0.0,0,0,SUCCESS,3160.0,3200.0,3160.0,40.0,3200.0
186,50000,1,3000,300,0.0,1,1,SUCCESS,4160.0,4360.0,4160.0,200.0,4360.0
187,10000,1,3000,300,0.0,0,2,SUCCESS,3520.0,3560.0,3520.0,40.0,3560.0
188,100000,1,3000,300,0.0,1,3,SUCCESS,3800.0,4200.0,3800.0,400.0,4200.0
189,50000,1,3000,300,0.0,0,4,SUCCESS,3360.0,3560.0,3360.0,200.0,3560.0
190,10000,1,3000,300,0.0,1,5,SUCCESS,3960.0,4000.0,3960.0,40.0,4000.0
191,10000,1,3000,300,0.0,0,6,SUCCESS,3360.0,3400.0,3360.0,40.0,3400.0
192,50000,1,3000,300,0.0,1,7,SUCCESS,4160.0,4360.0,4160.0,200.0,4360.0
193,100000,1,3000,300,0.0,0,0,SUCCESS,3200.0,3600.0,3200.0,400.0,3600.0
194,10000,1,3000,300,0.0,1,1,SUCCESS,4360.0,4400.0,4360.0,40.0,4400.0
195,10000,1,3000,300,0.0,0,2,SUCCESS,3560.0,3600.0,3560.0,40.0,3600.0
196,50000,1,3000,300,0.0,1,3,SUCCESS,4200.0,4400.0,4200.0,200.0,4400.0
197,10000,1,3000,300,0.0,0,4,SUCCESS,3560.0,3600.0,3560.0,40.0,3600.0
198,100000,1,3000,300,0.0,1,5,SUCCESS,4000.0,4400.0,4000.0,400.0,4400.0
199,50000,1,3000,300,0.0,0,6,SUCCESS,3400.0,3600.0,3400.0,200.0,3600.0
200,10000,1,3000,300,0.0,1,7,SUCCESS,4360.0,4400.0,4360.0,40.0,4400.0
201,10000,1,3000,300,0.0,0,0,SUCCESS,3600.0,3640.0,3600.0,40.0,3640.0
202,50000,1,3000,300,0.0,1,1,SUCCESS,4400.0,4600.0,4400.0,200.0,4600.0
203,100000,1,3000,300,0.0,0,2,SUCCESS,3600.0,4000.0,3600.0,400.0,4000.0
204,10000,1,3000,300,0.0,1,3,SUCCESS,4400.0,4440.0,4400.0,40.0,4440.0
205,10000,1,3000,300,0.0,0,4,SUCCESS,3600.0,3640.0,3600.0,40.0,3640.0
206,50000,1,3000,300,0.0,1,5,SUCCESS,4400.0,4600.0,4400.0,200.0,4600.0
207,10000,1,3000,300,0.0,0,6,SUCCESS,3600.0,3640.0,3600.0,40.0,3640.0
208,100000,1,3000,300,0.0,1,7,SUCCESS,4400.0,4800.0,4400.0,400.0,4800.0
209,50000,1,3000,300,0.0,0,0,SUCCESS,3640.0,3840.0,3640.0,200.0,3840.0
210,10000,1,3000,300,0.0,1,1,SUCCESS,4600.0,4640.0,4600.0,40.0,4640.0
211,10000,1,3000,300,0.0,0,2,SUCCESS,4000.0,4040.0,4000.0,40.0,4040.0
212,50000,1,3000,300,0.0,1,3,SUCCESS,4440.0,4640.0,4440.0,200.0,4640.0
213,100000,1,3000,300,0.0,0,4,SUCCESS,3640.0,4040.0,3640.0,400.0,4040.0
214,10000,1,3000,300,0.0,1,5,SUCCESS,4600.0,4640.0,4600.0,40.0,4640.0
215,10000,1,3000,300,0.0,0,6,SUCCESS,3640.0,3680.0,3640.0,40.0,3680.0
216,50000,1,3000,300,0.0,1,7,SUCCESS,4800.0,5000.0,4800.0,200.0,5000.0
217,10000,1,3000,300,0.0,0,0,SUCCESS,3840.0,3880.0,3840.0,40.0,3880.0
218,100000,1,3000,300,0.0,1,1,SUCCESS,4640.0,5040.0,4640.0,400.0,5040.0
219,50000,1,3000,300,0.0,0,2,SUCCESS,4040.0,4240.0,4040.0,200.0,4240.0
220,10000,1,3000,300,0.0,1,3,SUCCESS,4640.0,4680.0,4640.0,40.0,4680.0
221,10000,1,3000,300,0.0,0,4,SUCCESS,4040.0,4080.0,4040.0,40.0,4080.0
222,50000,1,3000,300,0.0,1,5,SUCCESS,4640.0,4840.0,4640.0,200.0,4840.0
223,100000,1,3000,300,0.0,0,6,SUCCESS,3680.0,4080.0,3680.0,400.0,4080.0
224,10000,1,3000,300,0.0,1,7,SUCCESS,5000.0,5040.0,5000.0,40.0,5040.0
225,10000,1,3000,300,0.0,0,0,SUCCESS,3880.0,3920.0,3880.0,40.0,3920.0
226,50000,1,3000,300,0.0,1,1,SUCCESS,5040.0,5240.0,5040.0,200.0,5240.0
227,10000,1,3000,300,0.0,0,2,SUCCESS,4240.0,4280.0,4240.0,40.0,4280.0
228,100000,1,3000,300,0.0,1,3,SUCCESS,4680.0,5080.0,4680.0,400.0,5080.0
229,50000,1,3000,300,0.0,0,4,SUCCESS,4080.0,4280.0,4080.0,200.0,4280.0
230,10000,1,3000,300,0.0,1,5,SUCCESS,4840.0,4880.0,4840.0,40.0,4880.0
231,10000,1,3000,300,0.0,0,6,SUCCESS,4080.0,4120.0,4080.0,40.0,4120.0
232,50000,1,3000,300,0.0,1,7,SUCCESS,5040.0,5240.0,5040.0,200.0,5240.0
233,100000,1,3000,300,0.0,0,0,SUCCESS,3920.0,4320.0,3920.0,400.0,4320.0
234,10000,1,3000,300,0.0,1,1,SUCCESS,5240.0,5280.0,5240.0,40.0,5280.0
235,10000,1,3000,300,0.0,0,2,SUCCESS,4280.0,4320.0,4280.0,40.0,4320.0
236,50000,1,3000,300,0.0,1,3,SUCCESS,5080.0,5280.0,5080.0,200.0,5280.0
237,10000,1,3000,300,0.0,0,4,SUCCESS,4280.0,4320.0,4280.0,40.0,4320.0
238,100000,1,3000,300,0.0,1,5,SUCCESS,4880.0,5280.0,4880.0,400.0,5280.0
239,50000,1,3000,300,0.0,0,6,SUCCESS,4120.0,4320.0,4120.0,200.0,4320.0
240,10000,1,3000,300,0.0,1,7,SUCCESS,5240.0,5280.0,5240.0,40.0,5280.0
241,10000,1,3000,300,0.0,0,0,SUCCESS,4320.0,4360.0,4320.0,40.0,4360.0
242,50000,1,3000,300,0.0,1,1,SUCCESS,5280.0,5480.0,5280.0,200.0,5480.0
243,100000,1,3000,300,0.0,0,2,SUCCESS,4320.0,4720.0,4320.0,400.0,4720.0
244,10000,1,3000,300,0.0,1,3,SUCCESS,5280.0,5320.0,5280.0,40.0,5320.0
245,10000,1,3000,300,0.0,0,4,SUCCESS,4320.0,4360.0,4320.0,40.0,4360.0
246,50000,1,3000,300,0.0,1,5,SUCCESS,5280.0,5480.0,5280.0,200.0,5480.0
247,10000,1,3000,300,0.0,0,6,SUCCESS,4320.0,4360.0,4320.0,40.0,4360.0
248,100000,1,3000,300,0.0,1,7,SUCCESS,5280.0,5680.0,5280.0,400.0,5680.0
249,50000,1,3000,300,0.0,0,0,SUCCESS,4360.0,4560.0,4360.0,200.0,4560.0
250,10000,1,3000,300,0.0,1,1,SUCCESS,5480.0,5520.0,5480.0,40.0,5520.0
251,10000,1,3000,300,0.0,0,2,SUCCESS,4720.0,4760.0,4720.0,40.0,4760.0
252,50000,1,3000,300,0.0,1,3,SUCCESS,5320.0,5520.0,5320.0,200.0,5520.0
253,100000,1,3000,300,0.0,0,4,SUCCESS,4360.0,4760.0,4360.0,400.0,4760.0
254,10000,1,3000,300,0.0,1,5,SUCCESS,5480.0,5520.0,5480.0,40.0,5520.0
255,10000,1,3000,300,0.0,0,6,SUCCESS,4360.0,4400.0,4360.0,40.0,4400.0
256,50000,1,3000,300,0.0,1,7,SUCCESS,5680.0,5880.0,5680.0,200.0,5880.0
257,10000,1,3000,300,0.0,0,0,SUCCESS,4560.0,4600.0,4560.0,40.0,4600.0
258,100000,1,3000,300,0.0,1,1,SUCCESS,5520.0,5920.0,5520.0,400.0,5920.0
259,50000,1,3000,300,0.0,0,2,SUCCESS,4760.0,4960.0,4760.0,200.0,4960.0
260,10000,1,3000,300,0.0,1,3,SUCCESS,5520.0,5560.0,5520.0,40.0,5560.0
261,10000,1,3000,300,0.0,0,4,SUCCESS,4760.0,4800.0,4760.0,40.0,4800.0
262,50000,1,3000,300,0.0,1,5,SUCCESS,5520.0,5720.0,5520.0,200.0,5720.0
263,100000,1,3000,300,0.0,0,6,SUCCESS,4400.0,4800.0,4400.0,400.0,4800.0
264,10000,1,3000,300,0.0,1,7,SUCCESS,5880.0,5920.0,5880.0,40.0,5920.0
265,10000,1,3000,300,0.0,0,0,SUCCESS,4600.0,4640.0,4600.0,40.0,4640.0
266,50000,1,3000,300,0.0,1,1,SUCCESS,5920.0,6120.0,5920.0,200.0,6120.0
267,10000,1,3000,300,0.0,0,2,SUCCESS,4960.0,5000.0,4960.0,40.0,5000.0
268,100000,1,3000,300,0.0,1,3,SUCCESS,5560.0,5960.0,5560.0,400.0,5960.0
269,50000,1,3000,300,0.0,0,4,SUCCESS,4800.0,5000.0,4800.0,200.0,5000.0
270,10000,1,3000,300,0.0,1,5,SUCCESS,5720.0,5760.0,5720.0,40.0,5760.0
271,10000,1,3000,300,0.0,0,6,SUCCESS,4800.0,4840.0,4800.0,40.0,4840.0
272,50000,1,3000,300,0.0,1,7,SUCCESS,5920.0,6120.0,5920.0,200.0,6120.0
273,100000,1,3000,300,0.0,0,0,SUCCESS,4640.0,5040.0,4640.0,400.0,5040.0
274,10000,1,3000,300,0.0,1,1,SUCCESS,6120.0,6160.0,6120.0,40.0,6160.0
275,10000,1,3000,300,0.0,0,2,SUCCESS,5000.0,5040.0,5000.0,40.0,5040.0
276,50000,1,3000,300,0.0,1,3,SUCCESS,5960.0,6160.0,5960.0,200.0,6160.0
277,10000,1,3000,300,0.0,0,4,SUCCESS,5000.0,5040.0,5000.0,40.0,5040.0
278,100000,1,3000,300,0.0,1,5,SUCCESS,5760.0,6160.0,5760.0,400.0,6160.0
279,50000,1,3000,300,0.0,0,6,SUCCESS,4840.0,5040.0,4840.0,200.0,5040.0
280,10000,1,3000,300,0.0,1,7,SUCCESS,6120.0,6160.0,6120.0,40.0,6160.0
281,10000,1,3000,300,0.0,0,0,SUCCESS,5040.0,5080.0,5040.0,40.0,5080.0
282,50000,1,3000,300,0.0,1,1,SUCCESS,6160.0,6360.0,6160.0,200.0,6360.0
283,100000,1,3000,300,0.0,0,2,SUCCESS,5040.0,5440.0,5040.0,400.0,5440.0
284,10000,1,3000,300,0.0,1,3,SUCCESS,6160.0,6200.0,6160.0,40.0,6200.0
285,10000,1,3000,300,0.0,0,4,SUCCESS,5040.0,5080.0,5040.0,40.0,5080.0
286,50000,1,3000,300,0.0,1,5,SUCCESS,6160.0,6360.0,6160.0,200.0,6360.0
287,10000,1,3000,300,0.0,0,6,SUCCESS,5040.0,5080.0,5040.0,40.0,5080.0
288,100000,1,3000,300,0.0,1,7,SUCCESS,6160.0,6560.0,6160.0,400.0,6560.0
289,50000,1,3000,300,0.0,0,0,SUCCESS,5080.0,5280.0,5080.0,200.0,5280.0
290,10000,1,3000,300,0.0,1,1,SUCCESS,6360.0,6400.0,6360.0,40.0,6400.0
291,10000,1,3000,300,0.0,0,2,SUCCESS,5440.0,5480.0,5440.0,40.0,5480.0
292,50000,1,3000,300,0.0,1,3,SUCCESS,6200.0,6400.0,6200.0,200.0,6400.0
293,100000,1,3000,300,0.0,0,4,SUCCESS,5080.0,5480.0,5080.0,400.0,5480.0
294,10000,1,3000,300,0.0,1,5,SUCCESS,6360.0,6400.0,6360.0,40.0,6400.0
295,10000,1,3000,300,0.0,0,6,SUCCESS,5080.0,5120.0,5080.0,40.0,5120.0
296,50000,1,3000,300,0.0,1,7,SUCCESS,6560.0,6760.0,6560.0,200.0,6760.0
297,10000,1,3000,300,0.0,0,0,SUCCESS,5280.0,5320.0,5280.0,40.0,5320.0
298,100000,1,3000,300,0.0,1,1,SUCCESS,6400.0,6800.0,6400.0,400.0,6800.0
299,50000,1,3000,300,0.0,0,2,SUCCESS,5480.0,5680.0,5480.0,200.0,5680.0
300,10000,1,3000,300,0.0,1,3,SUCCESS,6400.0,6440.0,6400.0,40.0,6440.0
301,10000,1,3000,300,0.0,0,4,SUCCESS,5480.0,5520.0,5480.0,40.0,5520.0
302,50000,1,3000,300,0.0,1,5,SUCCESS,6400.0,6600.0,6400.0,200.0,6600.0
303,100000,1,3000,300,0.0,0,6,SUCCESS,5120.0,5520.0,5120.0,400.0,5520.0
304,10000,1,3000,300,0.0,1,7,SUCCESS,6760.0,6800.0,6760.0,40.0,6800.0
305,10000,1,3000,300,0.0,0,0,SUCCESS,5320.0,5360.0,5320.0,40.0,5360.0
306,50000,1,3000,300,0.0,1,1,SUCCESS,6800.0,7000.0,6800.0,200.0,7000.0
307,10000,1,3000,300,0.0,0,2,SUCCESS,5680.0,5720.0,5680.0,40.0,5720.0
308,100000,1,3000,300,0.0,1,3,SUCCESS,6440.0,6840.0,6440.0,400.0,6840.0
309,50000,1,3000,300,0.0,0,4,SUCCESS,5520.0,5720.0,5520.0,200.0,5720.0
310,10000,1,3000,300,0.0,1,5,SUCCESS,6600.0,6640.0,6600.0,40.0,6640.0
311,10000,1,3000,300,0.0,0,6,SUCCESS,5520.0,5560.0,5520.0,40.0,5560.0
312,50000,1,3000,300,0.0,1,7,SUCCESS,6800.0,7000.0,6800.0,200.0,7000.0
313,100000,1,3000,300,0.0,0,0,SUCCESS,5360.0,5760.0,5360.0,400.0,5760.0
314,10000,1,3000,300,0.0,1,1,SUCCESS,7000.0,7040.0,7000.0,40.0,7040.0
315,10000,1,3000,300,0.0,0,2,SUCCESS,5720.0,5760.0,5720.0,40.0,5760.0
316,50000,1,3000,300,0.0,1,3,SUCCESS,6840.0,7040.0,6840.0,200.0,7040.0
317,10000,1,3000,300,0.0,0,4,SUCCESS,5720.0,5760.0,5720.0,40.0,5760.0
318,100000,1,3000,300,0.0,1,5,SUCCESS,6640.0,7040.0,6640.0,400.0,7040.0
319,50000,1,3000,300,0.0,0,6,SUCCESS,5560.0,5760.0,5560.0,200.0,5760.0
320,10000,1,3000,300,0.0,1,7,SUCCESS,7000.0,7040.0,7000.0,40.0,7040.0
321,10000,1,3000,300,0.0,0,0,SUCCESS,5760.0,5800.0,5760.0,40.0,5800.0
322,50000,1,3000,300,0.0,1,1,SUCCESS,7040.0,7240.0,7040.0,200.0,7240.0
323,100000,1,3000,300,0.0,0,2,SUCCESS,5760.0,6160.0,5760.0,400.0,6160.0
324,10000,1,3000,300,0.0,1,3,SUCCESS,7040.0,7080.0,7040.0,40.0,7080.0
325,10000,1,3000,300,0.0,0,4,SUCCESS,5760.0,5800.0,5760.0,40.0,5800.0
326,50000,1,3000,300,0.0,1,5,SUCCESS,7040.0,7240.0,7040.0,200.0,7240.0
327,10000,1,3000,300,0.0,0,6,SUCCESS,5760.0,5800.0,5760.0,40.0,5800.0
328,100000,1,3000,300,0.0,1,7,SUCCESS,7040.0,7440.0,7040.0,400.0,7440.0
329,50000,1,3000,300,0.0,0,0,SUCCESS,5800.0,6000.0,5800.0,200.0,6000.0
330,10000,1,3000,300,0.0,1,1,SUCCESS,7240.0,7280.0,7240.0,40.0,7280.0
331,10000,1,3000,300,0.0,0,2,SUCCESS,6160.0,6200.0,6160.0,40.0,6200.0
332,50000,1,3000,300,0.0,1,3,SUCCESS,7080.0,7280.0,7080.0,200.0,7280.0
333,100000,1,3000,300,0.0,0,4,SUCCESS,5800.0,6200.0,5800.0,400.0,6200.0
334,10000,1,3000,300,0.0,1,5,SUCCESS,7240.0,7280.0,7240.0,40.0,7280.0
335,10000,1,3000,300,0.0,0,6,SUCCESS,5800.0,5840.0,5800.0,40.0,5840.0
336,50000,1,3000,300,0.0,1,7,SUCCESS,7440.0,7640.0,7440.0,200.0,7640.0
337,10000,1,3000,300,0.0,0,0,SUCCESS,6000.0,6040.0,6000.0,40.0,6040.0
338,100000,1,3000,300,0.0,1,1,SUCCESS,7280.0,7680.0,7280.0,400.0,7680.0
339,50000,1,3000,300,0.0,0,2,SUCCESS,6200.0,6400.0,6200.0,200.0,6400.0
340,10000,1,3000,300,0.0,1,3,SUCCESS,7280.0,7320.0,7280.0,40.0,7320.0
341,10000,1,3000,300,0.0,0,4,SUCCESS,6200.0,6240.0,6200.0,40.0,6240.0
342,50000,1,3000,300,0.0,1,5,SUCCESS,7280.0,7480.0,7280.0,200.0,7480.0
343,100000,1,3000,300,0.0,0,6,SUCCESS,5840.0,6240.0,5840.0,400.0,6240.0
344,10000,1,3000,300,0.0,1,7,SUCCESS,7640.0,7680.0,7640.0,40.0,7680.0
345,10000,1,3000,300,0.0,0,0,SUCCESS,6040.0,6080.0,6040.0,40.0,6080.0
346,50000,1,3000,300,0.0,1,1,SUCCESS,7680.0,7880.0,7680.0,200.0,7880.0
347,10000,1,3000,300,0.0,0,2,SUCCESS,6400.0,6440.0,6400.0,40.0,6440.0
348,100000,1,3000,300,0.0,1,3,SUCCESS,7320.0,7720.0,7320.0,400.0,7720.0
349,50000,1,3000,300,0.0,0,4,SUCCESS,6240.0,6440.0,6240.0,200.0,6440.0
350,10000,1,3000,300,0.0,1,5,SUCCESS,7480.0,7520.0,7480.0,40.0,7520.0
351,10000,1,3000,300,0.0,0,6,SUCCESS,6240.0,6280.0,6240.0,40.0,6280.0
352,50000,1,3000,300,0.0,1,7,SUCCESS,7680.0,7880.0,7680.0,200.0,7880.0
353,100000,1,3000,300,0.0,0,0,SUCCESS,6080.0,6480.0,6080.0,400.0,6480.0
354,10000,1,3000,300,0.0,1,1,SUCCESS,7880.0,7920.0,7880.0,40.0,7920.0
355,10000,1,3000,300,0.0,0,2,SUCCESS,6440.0,6480.0,6440.0,40.0,6480.0
356,50000,1,3000,300,0.0,1,3,SUCCESS,7720.0,7920.0,7720.0,200.0,7920.0
357,10000,1,3000,300,0.0,0,4,SUCCESS,6440.0,6480.0,6440.0,40.0,6480.0
358,100000,1,3000,300,0.0,1,5,SUCCESS,7520.0,7920.0,7520.0,400.0,7920.0
359,50000,1,3000,300,0.0,0,6,SUCCESS,6280.0,6480.0,6280.0,200.0,6480.0
360,10000,1,3000,300,0.0,1,7,SUCCESS,7880.0,7920.0,7880.0,40.0,7920.0
361,10000,1,3000,300,0.0,0,0,SUCCESS,6480.0,6520.0,6480.0,40.0,6520.0
362,50000,1,3000,300,0.0,1,1,SUCCESS,7920.0,8120.0,7920.0,200.0,8120.0
363,100000,1,3000,300,0.0,0,2,SUCCESS,6480.0,6880.0,6480.0,400.0,6880.0
364,10000,1,3000,300,0.0,1,3,SUCCESS,7920.0,7960.0,7920.0,40.0,7960.0
365,10000,1,3000,300,0.0,0,4,SUCCESS,6480.0,6520.0,6480.0,40.0,6520.0
366,50000,1,3000,300,0.0,1,5,SUCCESS,7920.0,8120.0,7920.0,200.0,8120.0
367,10000,1,3000,300,0.0,0,6,SUCCESS,6480.0,6520.0,6480.0,40.0,6520.0
368,100000,1,3000,300,0.0,1,7,SUCCESS,7920.0,8320.0,7920.0,400.0,8320.0
369,50000,1,3000,300,0.0,0,0,SUCCESS,6520.0,6720.0,6520.0,200.0,6720.0
370,10000,1,3000,300,0.0,1,1,SUCCESS,8120.0,8160.0,8120.0,40.0,8160.0
371,10000,1,3000,300,0.0,0,2,SUCCESS,6880.0,6920.0,6880.0,40.0,6920.0
372,50000,1,3000,300,0.0,1,3,SUCCESS,7960.0,8160.0,7960.0,200.0,8160.0
373,100000,1,3000,300,0.0,0,4,SUCCESS,6520.0,6920.0,6520.0,400.0,6920.0
374,10000,1,3000,300,0.0,1,5,SUCCESS,8120.0,8160.0,8120.0,40.0,8160.0
375,10000,1,3000,300,0.0,0,6,SUCCESS,6520.0,6560.0,6520.0,40.0,6560.0
376,50000,1,3000,300,0.0,1,7,SUCCESS,8320.0,8520.0,8320.0,200.0,8520.0
377,10000,1,3000,300,0.0,0,0,SUCCESS,6720.0,6760.0,6720.0,40.0,6760.0
378,100000,1,3000,300,0.0,1,1,SUCCESS,8160.0,8560.0,8160.0,400.0,8560.0
379,50000,1,3000,300,0.0,0,2,SUCCESS,6920.0,7120.0,6920.0,200.0,7120.0
380,10000,1,3000,300,0.0,1,3,SUCCESS,8160.0,8200.0,8160.0,40.0,8200.0
381,10000,1,3000,300,0.0,0,4,SUCCESS,6920.0,6960.0,6920.0,40.0,6960.0
382,50000,1,3000,300,0.0,1,5,SUCCESS,8160.0,8360.0,8160.0,200.0,8360.0
383,100000,1,3000,300,0.0,0,6,SUCCESS,6560.0,6960.0,6560.0,400.0,6960.0
384,10000,1,3000,300,0.0,1,7,SUCCESS,8520.0,8560.0,8520.0,40.0,8560.0
385,10000,1,3000,300,0.0,0,0,SUCCESS,6760.0,6800.0,6760.0,40.0,6800.0
386,50000,1,3000,300,0.0,1,1,SUCCESS,8560.0,8760.0,8560.0,200.0,8760.0
387,10000,1,3000,300,0.0,0,2,SUCCESS,7120.0,7160.0,7120.0,40.0,7160.0
388,100000,1,3000,300,0.0,1,3,SUCCESS,8200.0,8600.0,8200.0,400.0,8600.0
389,50000,1,3000,300,0.0,0,4,SUCCESS,6960.0,7160.0,6960.0,200.0,7160.0
390,10000,1,3000,300,0.0,1,5,SUCCESS,8360.0,8400.0,8360.0,40.0,8400.0
391,10000,1,3000,300,0.0,0,6,SUCCESS,6960.0,7000.0,6960.0,40.0,7000.0
392,50000,1,3000,300,0.0,1,7,SUCCESS,8560.0,8760.0,8560.0,200.0,8760.0
393,100000,1,3000,300,0.0,0,0,SUCCESS,6800.0,7200.0,6800.0,400.0,7200.0
394,10000,1,3000,300,0.0,1,1,SUCCESS,8760.0,8800.0,8760.0,40.0,8800.0
395,10000,1,3000,300,0.0,0,2,SUCCESS,7160.0,7200.0,7160.0,40.0,7200.0
396,50000,1,3000,300,0.0,1,3,SUCCESS,8600.0,8800.0,8600.0,200.0,8800.0
397,10000,1,3000,300,0.0,0,4,SUCCESS,7160.0,7200.0,7160.0,40.0,7200.0
398,100000,1,3000,300,0.0,1,5,SUCCESS,8400.0,8800.0,8400.0,400.0,8800.0
399,50000,1,3000,300,0.0,0,6,SUCCESS,7000.0,7200.0,7000.0,200.0,7200.0
400,10000,1,3000,300,0.0,1,7,SUCCESS,8760.0,8800.0,8760.0,40.0,8800.0
401,10000,1,3000,300,0.0,0,0,SUCCESS,7200.0,7240.0,7200.0,40.0,7240.0
402,50000,1,3000,300,0.0,1,1,SUCCESS,8800.0,9000.0,8800.0,200.0,9000.0
403,100000,1,3000,300,0.0,0,2,SUCCESS,7200.0,7600.0,7200.0,400.0,7600.0
404,10000,1,3000,300,0.0,1,3,SUCCESS,8800.0,8840.0,8800.0,40.0,8840.0
405,10000,1,3000,300,0.0,0,4,SUCCESS,7200.0,7240.0,7200.0,40.0,7240.0
406,50000,1,3000,300,0.0,1,5,SUCCESS,8800.0,9000.0,8800.0,200.0,9000.0
407,10000,1,3000,300,0.0,0,6,SUCCESS,7200.0,7240.0,7200.0,40.0,7240.0
408,100000,1,3000,300,0.0,1,7,SUCCESS,8800.0,9200.0,8800.0,400.0,9200.0
409,50000,1,3000,300,0.0,0,0,SUCCESS,7240.0,7440.0,7240.0,200.0,7440.0
410,10000,1,3000,300,0.0,1,1,SUCCESS,9000.0,9040.0,9000.0,40.0,9040.0
411,10000,1,3000,300,0.0,0,2,SUCCESS,7600.0,7640.0,7600.0,40.0,7640.0
412,50000,1,3000,300,0.0,1,3,SUCCESS,8840.0,9040.0,8840.0,200.0,9040.0
413,100000,1,3000,300,0.0,0,4,SUCCESS,7240.0,7640.0,7240.0,400.0,7640.0
414,10000,1,3000,300,0.0,1,5,SUCCESS,9000.0,9040.0,9000.0,40.0,9040.0
415,10000,1,3000,300,0.0,0,6,SUCCESS,7240.0,7280.0,7240.0,40.0,7280.0
416,50000,1,3000,300,0.0,1,7,SUCCESS,9200.0,9400.0,9200.0,200.0,9400.0
417,10000,1,3000,300,0.0,0,0,SUCCESS,7440.0,7480.0,7440.0,40.0,7480.0
418,100000,1,3000,300,0.0,1,1,SUCCESS,9040.0,9440.0,9040.0,400.0,9440.0
419,50000,1,3000,300,0.0,0,2,SUCCESS,7640.0,7840.0,7640.0,200.0,7840.0
420,10000,1,3000,300,0.0,1,3,SUCCESS,9040.0,9080.0,9040.0,40.0,9080.0
421,10000,1,3000,300,0.0,0,4,SUCCESS,7640.0,7680.0,7640.0,40.0,7680.0
422,50000,1,3000,300,0.0,1,5,SUCCESS,9040.0,9240.0,9040.0,200.0,9240.0
423,100000,1,3000,300,0.0,0,6,SUCCESS,7280.0,7680.0,7280.0,400.0,7680.0
424,10000,1,3000,300,0.0,1,7,SUCCESS,9400.0,9440.0,9400.0,40.0,9440.0
425,10000,1,3000,300,0.0,0,0,SUCCESS,7480.0,7520.0,7480.0,40.0,7520.0
426,50000,1,3000,300,0.0,1,1,SUCCESS,9440.0,9640.0,9440.0,200.0,9640.0
427,10000,1,3000,300,0.0,0,2,SUCCESS,7840.0,7880.0,7840.0,40.0,7880.0
428,100000,1,3000,300,0.0,1,3,SUCCESS,9080.0,9480.0,9080.0,400.0,9480.0
429,50000,1,3000,300,0.0,0,4,SUCCESS,7680.0,7880.0,7680.0,200.0,7880.0
430,10000,1,3000,300,0.0,1,5,SUCCESS,9240.0,9280.0,9240.0,40.0,9280.0
431,10000,1,3000,300,0.0,0,6,SUCCESS,7680.0,7720.0,7680.0,40.0,7720.0
432,50000,1,3000,300,0.0,1,7,SUCCESS,9440.0,9640.0,9440.0,200.0,9640.0
433,100000,1,3000,300,0.0,0,0,SUCCESS,7520.0,7920.0,7520.0,400.0,7920.0
434,10000,1,3000,300,0.0,1,1,SUCCESS,9640.0,9680.0,9640.0,40.0,9680.0
435,10000,1,3000,300,0.0,0,2,SUCCESS,7880.0,7920.0,7880.0,40.0,7920.0
436,50000,1,3000,300,0.0,1,3,SUCCESS,9480.0,9680.0,9480.0,200.0,9680.0
437,10000,1,3000,300,0.0,0,4,SUCCESS,7880.0,7920.0,7880.0,40.0,7920.0
438,100000,1,3000,300,0.0,1,5,SUCCESS,9280.0,9680.0,9280.0,400.0,9680.0
439,50000,1,3000,300,0.0,0,6,SUCCESS,7720.0,7920.0,7720.0,200.0,7920.0
440,10000,1,3000,300,0.0,1,7,SUCCESS,9640.0,9680.0,9640.0,40.0,9680.0
441,10000,1,3000,300,0.0,0,0,SUCCESS,7920.0,7960.0,7920.0,40.0,7960.0
442,50000,1,3000,300,0.0,1,1,SUCCESS,9680.0,9880.0,9680.0,200.0,9880.0
443,100000,1,3000,300,0.0,0,2,SUCCESS,7920.0,8320.0,7920.0,400.0,8320.0
444,10000,1,3000,300,0.0,1,3,SUCCESS,9680.0,9720.0,9680.0,40.0,9720.0
445,10000,1,3000,300,0.0,0,4,SUCCESS,7920.0,7960.0,7920.0,40.0,7960.0
446,50000,1,3000,300,0.0,1,5,SUCCESS,9680.0,9880.0,9680.0,200.0,9880.0
447,10000,1,3000,300,0.0,0,6,SUCCESS,7920.0,7960.0,7920.0,40.0,7960.0
448,100000,1,3000,300,0.0,1,7,SUCCESS,9680.0,10080.0,9680.0,400.0,10080.0
449,50000,1,3000,300,0.0,0,0,SUCCESS,7960.0,8160.0,7960.0,200.0,8160.0
450,10000,1,3000,300,0.0,1,1,SUCCESS,9880.0,9920.0,9880.0,40.0,9920.0
451,10000,1,3000,300,0.0,0,2,SUCCESS,8320.0,8360.0,8320.0,40.0,8360.0
452,50000,1,3000,300,0.0,1,3,SUCCESS,9720.0,9920.0,9720.0,200.0,9920.0
453,100000,1,3000,300,0.0,0,4,SUCCESS,7960.0,8360.0,7960.0,400.0,8360.0
454,10000,1,3000,300,0.0,1,5,SUCCESS,9880.0,9920.0,9880.0,40.0,9920.0
455,10000,1,3000,300,0.0,0,6,SUCCESS,7960.0,8000.0,7960.0,40.0,8000.0
456,50000,1,3000,300,0.0,1,7,SUCCESS,10080.0,10280.0,10080.0,200.0,10280.0
457,10000,1,3000,300,0.0,0,0,SUCCESS,8160.0,8200.0,8160.0,40.0,8200.0
458,100000,1,3000,300,0.0,1,1,SUCCESS,9920.0,10320.0,9920.0,400.0,10320.0
459,50000,1,3000,300,0.0,0,2,SUCCESS,8360.0,8560.0,8360.0,200.0,8560.0
460,10000,1,3000,300,0.0,1,3,SUCCESS,9920.0,9960.0,9920.0,40.0,9960.0
461,10000,1,3000,300,0.0,0,4,SUCCESS,8360.0,8400.0,8360.0,40.0,8400.0
462,50000,1,3000,300,0.0,1,5,SUCCESS,9920.0,10120.0,9920.0,200.0,10120.0
463,100000,1,3000,300,0.0,0,6,SUCCESS,8000.0,8400.0,8000.0,400.0,8400.0
464,10000,1,3000,300,0.0,1,7,SUCCESS,10280.0,10320.0,10280.0,40.0,10320.0
465,10000,1,3000,300,0.0,0,0,SUCCESS,8200.0,8240.0,8200.0,40.0,8240.0
466,50000,1,3000,300,0.0,1,1,SUCCESS,10320.0,10520.0,10320.0,200.0,10520.0
467,10000,1,3000,300,0.0,0,2,SUCCESS,8560.0,8600.0,8560.0,40.0,8600.0
468,100000,1,3000,300,0.0,1,3,SUCCESS,9960.0,10360.0,9960.0,400.0,10360.0
469,50000,1,3000,300,0.0,0,4,SUCCESS,8400.0,8600.0,8400.0,200.0,8600.0
470,10000,1,3000,300,0.0,1,5,SUCCESS,10120.0,10160.0,10120.0,40.0,10160.0
471,10000,1,3000,300,0.0,0,6,SUCCESS,8400.0,8440.0,8400.0,40.0,8440.0
472,50000,1,3000,300,0.0,1,7,SUCCESS,10320.0,10520.0,10320.0,200.0,10520.0
473,100000,1,3000,300,0.0,0,0,SUCCESS,8240.0,8640.0,8240.0,400.0,8640.0
474,10000,1,3000,300,0.0,1,1,SUCCESS,10520.0,10560.0,10520.0,40.0,10560.0
475,10000,1,3000,300,0.0,0,2,SUCCESS,8600.0,8640.0,8600.0,40.0,8640.0
476,50000,1,3000,300,0.0,1,3,SUCCESS,10360.0,10560.0,10360.0,200.0,10560.0
477,10000,1,3000,300,0.0,0,4,SUCCESS,8600.0,8640.0,8600.0,40.0,8640.0
478,100000,1,3000,300,0.0,1,5,SUCCESS,10160.0,10560.0,10160.0,400.0,10560.0
479,50000,1,3000,300,0.0,0,6,SUCCESS,8440.0,8640.0,8440.0,200.0,8640.0
480,10000,1,3000,300,0.0,1,7,SUCCESS,10520.0,10560.0,10520.0,40.0,10560.0
481,10000,1,3000,300,0.0,0,0,SUCCESS,8640.0,8680.0,8640.0,40.0,8680.0
482,50000,1,3000,300,0.0,1,1,SUCCESS,10560.0,10760.0,10560.0,200.0,10760.0
483,100000,1,3000,300,0.0,0,2,SUCCESS,8640.0,9040.0,8640.0,400.0,9040.0
484,10000,1,3000,300,0.0,1,3,SUCCESS,10560.0,10600.0,10560.0,40.0,10600.0
485,10000,1,3000,300,0.0,0,4,SUCCESS,8640.0,8680.0,8640.0,40.0,8680.0
486,50000,1,3000,300,0.0,1,5,SUCCESS,10560.0,10760.0,10560.0,200.0,10760.0
487,10000,1,3000,300,0.0,0,6,SUCCESS,8640.0,8680.0,8640.0,40.0,8680.0
488,100000,1,3000,300,0.0,1,7,SUCCESS,10560.0,10960.0,10560.0,400.0,10960.0
489,50000,1,3000,300,0.0,0,0,SUCCESS,8680.0,8880.0,8680.0,200.0,8880.0
490,10000,1,3000,300,0.0,1,1,SUCCESS,10760.0,10800.0,10760.0,40.0,10800.0
491,10000,1,3000,300,0.0,0,2,SUCCESS,9040.0,9080.0,9040.0,40.0,9080.0
492,50000,1,3000,300,0.0,1,3,SUCCESS,10600.0,10800.0,10600.0,200.0,10800.0
493,100000,1,3000,300,0.0,0,4,SUCCESS,8680.0,9080.0,8680.0,400.0,9080.0
494,10000,1,3000,300,0.0,1,5,SUCCESS,10760.0,10800.0,10760.0,40.0,10800.0
495,10000,1,3000,300,0.0,0,6,SUCCESS,8680.0,8720.0,8680.0,40.0,8720.0
496,50000,1,3000,300,0.0,1,7,SUCCESS,10960.0,11160.0,10960.0,200.0,11160.0
497,10000,1,3000,300,0.0,0,0,SUCCESS,8880.0,8920.0,8880.0,40.0,8920.0
498,100000,1,3000,300,0.0,1,1,SUCCESS,10800.0,11200.0,10800.0,400.0,11200.0
499,50000,1,3000,300,0.0,0,2,SUCCESS,9080.0,9280.0,9080.0,200.0,9280.0
500,10000,1,3000,300,0.0,1,3,SUCCESS,10800.0,10840.0,10800.0,40.0,10840.0
501,10000,1,3000,300,0.0,0,4,SUCCESS,9080.0,9120.0,9080.0,40.0,9120.0
502,50000,1,3000,300,0.0,1,5,SUCCESS,10800.0,11000.0,10800.0,200.0,11000.0
503,100000,1,3000,300,0.0,0,6,SUCCESS,8720.0,9120.0,8720.0,400.0,9120.0
504,10000,1,3000,300,0.0,1,7,SUCCESS,11160.0,11200.0,11160.0,40.0,11200.0
505,10000,1,3000,300,0.0,0,0,SUCCESS,8920.0,8960.0,8920.0,40.0,8960.0
506,50000,1,3000,300,0.0,1,1,SUCCESS,11200.0,11400.0,11200.0,200.0,11400.0
507,10000,1,3000,300,0.0,0,2,SUCCESS,9280.0,9320.0,9280.0,40.0,9320.0
508,100000,1,3000,300,0.0,1,3,SUCCESS,10840.0,11240.0,10840.0,400.0,11240.0
509,50000,1,3000,300,0.0,0,4,SUCCESS,9120.0,9320.0,9120.0,200.0,9320.0
510,10000,1,3000,300,0.0,1,5,SUCCESS,11000.0,11040.0,11000.0,40.0,11040.0
511,10000,1,3000,300,0.0,0,6,SUCCESS,9120.0,9160.0,9120.0,40.0,9160.0
512,50000,1,3000,300,0.0,1,7,SUCCESS,11200.0,11400.0,11200.0,200.0,11400.0
513,100000,1,3000,300,0.0,0,0,SUCCESS,8960.0,9360.0,8960.0,400.0,9360.0
514,10000,1,3000,300,0.0,1,1,SUCCESS,11400.0,11440.0,11400.0,40.0,11440.0
515,10000,1,3000,300,0.0,0,2,SUCCESS,9320.0,9360.0,9320.0,40.0,9360.0
516,50000,1,3000,300,0.0,1,3,SUCCESS,11240.0,11440.0,11240.0,200.0,11440.0
517,10000,1,3000,300,0.0,0,4,SUCCESS,9320.0,9360.0,9320.0,40.0,9360.0
518,100000,1,3000,300,0.0,1,5,SUCCESS,11040.0,11440.0,11040.0,400.0,11440.0
519,50000,1,3000,300,0.0,0,6,SUCCESS,9160.0,9360.0,9160.0,200.0,9360.0
520,10000,1,3000,300,0.0,1,7,SUCCESS,11400.0,11440.0,11400.0,40.0,11440.0
521,10000,1,3000,300,0.0,0,0,SUCCESS,9360.0,9400.0,9360.0,40.0,9400.0
522,50000,1,3000,300,0.0,1,1,SUCCESS,11440.0,11640.0,11440.0,200.0,11640.0
523,100000,1,3000,300,0.0,0,2,SUCCESS,9360.0,9760.0,9360.0,400.0,9760.0
524,10000,1,3000,300,0.0,1,3,SUCCESS,11440.0,11480.0,11440.0,40.0,11480.0
525,10000,1,3000,300,0.0,0,4,SUCCESS,9360.0,9400.0,9360.0,40.0,9400.0
526,50000,1,3000,300,0.0,1,5,SUCCESS,11440.0,11640.0,11440.0,200.0,11640.0
527,10000,1,3000,300,0.0,0,6,SUCCESS,9360.0,9400.0,9360.0,40.0,9400.0
528,100000,1,3000,300,0.0,1,7,SUCCESS,11440.0,11840.0,11440.0,400.0,11840.0
529,50000,1,3000,300,0.0,0,0,SUCCESS,9400.0,9600.0,9400.0,200.0,9600.0
530,10000,1,3000,300,0.0,1,1,SUCCESS,11640.0,11680.0,11640.0,40.0,11680.0
531,10000,1,3000,300,0.0,0,2,SUCCESS,9760.0,9800.0,9760.0,40.0,9800.0
532,50000,1,3000,300,0.0,1,3,SUCCESS,11480.0,11680.0,11480.0,200.0,11680.0
533,100000,1,3000,300,0.0,0,4,SUCCESS,9400.0,9800.0,9400.0,400.0,9800.0
534,10000,1,3000,300,0.0,1,5,SUCCESS,11640.0,11680.0,11640.0,40.0,11680.0
535,10000,1,3000,300,0.0,0,6,SUCCESS,9400.0,9440.0,9400.0,40.0,9440.0
536,50000,1,3000,300,0.0,1,7,SUCCESS,11840.0,12040.0,11840.0,200.0,12040.0
537,10000,1,3000,300,0.0,0,0,SUCCESS,9600.0,9640.0,9600.0,40.0,9640.0
538,100000,1,3000,300,0.0,1,1,SUCCESS,11680.0,12080.0,11680.0,400.0,12080.0
539,50000,1,3000,300,0.0,0,2,SUCCESS,9800.0,10000.0,9800.0,200.0,10000.0
540,10000,1,3000,300,0.0,1,3,SUCCESS,11680.0,11720.0,11680.0,40.0,11720.0
541,10000,1,3000,300,0.0,0,4,SUCCESS,9800.0,9840.0,9800.0,40.0,9840.0
542,50000,1,3000,300,0.0,1,5,SUCCESS,11680.0,11880.0,11680.0,200.0,11880.0
543,100000,1,3000,300,0.0,0,6,SUCCESS,9440.0,9840.0,9440.0,400.0,9840.0
544,10000,1,3000,300,0.0,1,7,SUCCESS,12040.0,12080.0,12040.0,40.0,12080.0
545,10000,1,3000,300,0.0,0,0,SUCCESS,9640.0,9680.0,9640.0,40.0,9680.0
546,50000,1,3000,300,0.0,1,1,SUCCESS,12080.0,12280.0,12080.0,200.0,12280.0
547,10000,1,3000,300,0.0,0,2,SUCCESS,10000.0,10040.0,10000.0,40.0,10040.0
548,100000,1,3000,300,0.0,1,3,SUCCESS,11720.0,12120.0,11720.0,400.0,12120.0
549,50000,1,3000,300,0.0,0,4,SUCCESS,9840.0,10040.0,9840.0,200.0,10040.0
550,10000,1,3000,300,0.0,1,5,SUCCESS,11880.0,11920.0,11880.0,40.0,11920.0
551,10000,1,3000,300,0.0,0,6,SUCCESS,9840.0,9880.0,9840.0,40.0,9880.0
552,50000,1,3000,300,0.0,1,7,SUCCESS,12080.0,12280.0,12080.0,200.0,12280.0
553,100000,1,3000,300,0.0,0,0,SUCCESS,9680.0,10080.0,9680.0,400.0,10080.0
554,10000,1,3000,300,0.0,1,1,SUCCESS,12280.0,12320.0,12280.0,40.0,12320.0
555,10000,1,3000,300,0.0,0,2,SUCCESS,10040.0,10080.0,10040.0,40.0,10080.0
556,50000,1,3000,300,0.0,1,3,SUCCESS,12120.0,12320.0,12120.0,200.0,12320.0
557,10000,1,3000,300,0.0,0,4,SUCCESS,10040.0,10080.0,10040.0,40.0,10080.0
558,100000,1,3000,300,0.0,1,5,SUCCESS,11920.0,12320.0,11920.0,400.0,12320.0
559,50000,1,3000,300,0.0,0,6,SUCCESS,9880.0,10080.0,9880.0,200.0,10080.0
560,10000,1,3000,300,0.0,1,7,SUCCESS,12280.0,12320.0,12280.0,40.0,12320.0
561,10000,1,3000,300,0.0,0,0,SUCCESS,10080.0,10120.0,10080.0,40.0,10120.0
562,50000,1,3000,300,0.0,1,1,SUCCESS,12320.0,12520.0,12320.0,200.0,12520.0
563,100000,1,3000,300,0.0,0,2,SUCCESS,10080.0,10480.0,10080.0,400.0,10480.0
564,10000,1,3000,300,0.0,1,3,SUCCESS,12320.0,12360.0,12320.0,40.0,12360.0
565,10000,1,3000,300,0.0,0,4,SUCCESS,10080.0,10120.0,10080.0,40.0,10120.0
566,50000,1,3000,300,0.0,1,5,SUCCESS,12320.0,12520.0,12320.0,200.0,12520.0
567,10000,1,3000,300,0.0,0,6,SUCCESS,10080.0,10120.0,10080.0,40.0,10120.0
568,100000,1,3000,300,0.0,1,7,SUCCESS,12320.0,12720.0,12320.0,400.0,12720.0
569,50000,1,3000,300,0.0,0,0,SUCCESS,10120.0,10320.0,10120.0,200.0,10320.0
570,10000,1,3000,300,0.0,1,1,SUCCESS,12520.0,12560.0,12520.0,40.0,12560.0
571,10000,1,3000,300,0.0,0,2,SUCCESS,10480.0,10520.0,10480.0,40.0,10520.0
572,50000,1,3000,300,0.0,1,3,SUCCESS,12360.0,12560.0,12360.0,200.0,12560.0
573,100000,1,3000,300,0.0,0,4,SUCCESS,10120.0,10520.0,10120.0,400.0,10520.0
574,10000,1,3000,300,0.0,1,5,SUCCESS,12520.0,12560.0,12520.0,40.0,12560.0
575,10000,1,3000,300,0.0,0,6,SUCCESS,10120.0,10160.0,10120.0,40.0,10160.0
576,50000,1,3000,300,0.0,1,7,SUCCESS,12720.0,12920.0,12720.0,200.0,12920.0
577,10000,1,3000,300,0.0,0,0,SUCCESS,10320.0,10360.0,10320.0,40.0,10360.0
578,100000,1,3000,300,0.0,1,1,SUCCESS,12560.0,12960.0,12560.0,400.0,12960.0
579,50000,1,3000,300,0.0,0,2,SUCCESS,10520.0,10720.0,10520.0,200.0,10720.0
580,10000,1,3000,300,0.0,1,3,SUCCESS,12560.0,12600.0,12560.0,40.0,12600.0
581,10000,1,3000,300,0.0,0,4,SUCCESS,10520.0,10560.0,10520.0,40.0,10560.0
582,50000,1,3000,300,0.0,1,5,SUCCESS,12560.0,12760.0,12560.0,200.0,12760.0
583,100000,1,3000,300,0.0,0,6,SUCCESS,10160.0,10560.0,10160.0,400.0,10560.0
584,10000,1,3000,300,0.0,1,7,SUCCESS,12920.0,12960.0,12920.0,40.0,12960.0
585,10000,1,3000,300,0.0,0,0,SUCCESS,10360.0,10400.0,10360.0,40.0,10400.0
586,50000,1,3000,300,0.0,1,1,SUCCESS,12960.0,13160.0,12960.0,200.0,13160.0
587,10000,1,3000,300,0.0,0,2,SUCCESS,10720.0,10760.0,10720.0,40.0,10760.0
588,100000,1,3000,300,0.0,1,3,SUCCESS,12600.0,13000.0,12600.0,400.0,13000.0
589,50000,1,3000,300,0.0,0,4,SUCCESS,10560.0,10760.0,10560.0,200.0,10760.0
590,10000,1,3000,300,0.0,1,5,SUCCESS,12760.0,12800.0,12760.0,40.0,12800.0
591,10000,1,3000,300,0.0,0,6,SUCCESS,10560.0,10600.0,10560.0,40.0,10600.0
592,50000,1,3000,300,0.0,1,7,SUCCESS,12960.0,13160.0,12960.0,200.0,13160.0
593,100000,1,3000,300,0.0,0,0,SUCCESS,10400.0,10800.0,10400.0,400.0,10800.0
594,10000,1,3000,300,0.0,1,1,SUCCESS,13160.0,13200.0,13160.0,40.0,13200.0
595,10000,1,3000,300,0.0,0,2,SUCCESS,10760.0,10800.0,10760.0,40.0,10800.0
596,50000,1,3000,300,0.0,1,3,SUCCESS,13000.0,13200.0,13000.0,200.0,13200.0
597,10000,1,3000,300,0.0,0,4,SUCCESS,10760.0,10800.0,10760.0,40.0,10800.0
598,100000,1,3000,300,0.0,1,5,SUCCESS,12800.0,13200.0,12800.0,400.0,13200.0
599,50000,1,3000,300,0.0,0,6,SUCCESS,10600.0,10800.0,10600.0,200.0,10800.0
600,10000,1,3000,300,0.0,1,7,SUCCESS,13160.0,13200.0,13160.0,40.0,13200.0
601,10000,1,3000,300,0.0,0,0,SUCCESS,10800.0,10840.0,10800.0,40.0,10840.0
602,50000,1,3000,300,0.0,1,1,SUCCESS,13200.0,13400.0,13200.0,200.0,13400.0
603,100000,1,3000,300,0.0,0,2,SUCCESS,10800.0,11200.0,10800.0,400.0,11200.0
604,10000,1,3000,300,0.0,1,3,SUCCESS,13200.0,13240.0,13200.0,40.0,13240.0
605,10000,1,3000,300,0.0,0,4,SUCCESS,10800.0,10840.0,10800.0,40.0,10840.0
606,50000,1,3000,300,0.0,1,5,SUCCESS,13200.0,13400.0,13200.0,200.0,13400.0
607,10000,1,3000,300,0.0,0,6,SUCCESS,10800.0,10840.0,10800.0,40.0,10840.0
608,100000,1,3000,300,0.0,1,7,SUCCESS,13200.0,13600.0,13200.0,400.0,13600.0
609,50000,1,3000,300,0.0,0,0,SUCCESS,10840.0,11040.0,10840.0,200.0,11040.0
610,10000,1,3000,300,0.0,1,1,SUCCESS,13400.0,13440.0,13400.0,40.0,13440.0
611,10000,1,3000,300,0.0,0,2,SUCCESS,11200.0,11240.0,11200.0,40.0,11240.0
612,50000,1,3000,300,0.0,1,3,SUCCESS,13240.0,13440.0,13240.0,200.0,13440.0
613,100000,1,3000,300,0.0,0,4,SUCCESS,10840.0,11240.0,10840.0,400.0,11240.0
614,10000,1,3000,300,0.0,1,5,SUCCESS,13400.0,13440.0,13400.0,40.0,13440.0
615,10000,1,3000,300,0.0,0,6,SUCCESS,10840.0,10880.0,10840.0,40.0,10880.0
616,50000,1,3000,300,0.0,1,7,SUCCESS,13600.0,13800.0,13600.0,200.0,13800.0
617,10000,1,3000,300,0.0,0,0,SUCCESS,11040.0,11080.0,11040.0,40.0,11080.0
618,100000,1,3000,300,0.0,1,1,SUCCESS,13440.0,13840.0,13440.0,400.0,13840.0
619,50000,1,3000,300,0.0,0,2,SUCCESS,11240.0,11440.0,11240.0,200.0,11440.0
620,10000,1,3000,300,0.0,1,3,SUCCESS,13440.0,13480.0,13440.0,40.0,13480.0
621,10000,1,3000,300,0.0,0,4,SUCCESS,11240.0,11280.0,11240.0,40.0,11280.0
622,50000,1,3000,300,0.0,1,5,SUCCESS,13440.0,13640.0,13440.0,200.0,13640.0
623,100000,1,3000,300,0.0,0,6,SUCCESS,10880.0,11280.0,10880.0,400.0,11280.0
624,10000,1,3000,300,0.0,1,7,SUCCESS,13800.0,13840.0,13800.0,40.0,13840.0
625,10000,1,3000,300,0.0,0,0,SUCCESS,11080.0,11120.0,11080.0,40.0,11120.0
626,50000,1,3000,300,0.0,1,1,SUCCESS,13840.0,14040.0,13840.0,200.0,14040.0
627,10000,1,3000,300,0.0,0,2,SUCCESS,11440.0,11480.0,11440.0,40.0,11480.0
628,100000,1,3000,300,0.0,1,3,SUCCESS,13480.0,13880.0,13480.0,400.0,13880.0
629,50000,1,3000,300,0.0,0,4,SUCCESS,11280.0,11480.0,11280.0,200.0,11480.0
630,10000,1,3000,300,0.0,1,5,SUCCESS,13640.0,13680.0,13640.0,40.0,13680.0
631,10000,1,3000,300,0.0,0,6,SUCCESS,11280.0,11320.0,11280.0,40.0,11320.0
632,50000,1,3000,300,0.0,1,7,SUCCESS,13840.0,14040.0,13840.0,200.0,14040.0
633,100000,1,3000,300,0.0,0,0,SUCCESS,11120.0,11520.0,11120.0,400.0,11520.0
634,10000,1,3000,300,0.0,1,1,SUCCESS,14040.0,14080.0,14040.0,40.0,14080.0
635,10000,1,3000,300,0.0,0,2,SUCCESS,11480.0,11520.0,11480.0,40.0,11520.0
636,50000,1,3000,300,0.0,1,3,SUCCESS,13880.0,14080.0,13880.0,200.0,14080.0
637,10000,1,3000,300,0.0,0,4,SUCCESS,11480.0,11520.0,11480.0,40.0,11520.0
638,100000,1,3000,300,0.0,1,5,SUCCESS,13680.0,14080.0,13680.0,400.0,14080.0
639,50000,1,3000,300,0.0,0,6,SUCCESS,11320.0,11520.0,11320.0,200.0,11520.0
640,10000,1,3000,300,0.0,1,7,SUCCESS,14040.0,14080.0,14040.0,40.0,14080.0
641,10000,1,3000,300,0.0,0,0,SUCCESS,11520.0,11560.0,11520.0,40.0,11560.0
642,50000,1,3000,300,0.0,1,1,SUCCESS,14080.0,14280.0,14080.0,200.0,14280.0
643,100000,1,3000,300,0.0,0,2,SUCCESS,11520.0,11920.0,11520.0,400.0,11920.0
644,10000,1,3000,300,0.0,1,3,SUCCESS,14080.0,14120.0,14080.0,40.0,14120.0
645,10000,1,3000,300,0.0,0,4,SUCCESS,11520.0,11560.0,11520.0,40.0,11560.0
646,50000,1,3000,300,0.0,1,5,SUCCESS,14080.0,14280.0,14080.0,200.0,14280.0
647,10000,1,3000,300,0.0,0,6,SUCCESS,11520.0,11560.0,11520.0,40.0,11560.0
648,100000,1,3000,300,0.0,1,7,SUCCESS,14080.0,14480.0,14080.0,400.0,14480.0
649,50000,1,3000,300,0.0,0,0,SUCCESS,11560.0,11760.0,11560.0,200.0,11760.0
650,10000,1,3000,300,0.0,1,1,SUCCESS,14280.0,14320.0,14280.0,40.0,14320.0
651,10000,1,3000,300,0.0,0,2,SUCCESS,11920.0,11960.0,11920.0,40.0,11960.0
652,50000,1,3000,300,0.0,1,3,SUCCESS,14120.0,14320.0,14120.0,200.0,14320.0
653,100000,1,3000,300,0.0,0,4,SUCCESS,11560.0,11960.0,11560.0,400.0,11960.0
654,10000,1,3000,300,0.0,1,5,SUCCESS,14280.0,14320.0,14280.0,40.0,14320.0
655,10000,1,3000,300,0.0,0,6,SUCCESS,11560.0,11600.0,11560.0,40.0,11600.0
656,50000,1,3000,300,0.0,1,7,SUCCESS,14480.0,14680.0,14480.0,200.0,14680.0
657,10000,1,3000,300,0.0,0,0,SUCCESS,11760.0,11800.0,11760.0,40.0,11800.0
658,100000,1,3000,300,0.0,1,1,SUCCESS,14320.0,14720.0,14320.0,400.0,14720.0
659,50000,1,3000,300,0.0,0,2,SUCCESS,11960.0,12160.0,11960.0,200.0,12160.0
660,10000,1,3000,300,0.0,1,3,SUCCESS,14320.0,14360.0,14320.0,40.0,14360.0
661,10000,1,3000,300,0.0,0,4,SUCCESS,11960.0,12000.0,11960.0,40.0,12000.0
662,50000,1,3000,300,0.0,1,5,SUCCESS,14320.0,14520.0,14320.0,200.0,14520.0
663,100000,1,3000,300,0.0,0,6,SUCCESS,11600.0,12000.0,11600.0,400.0,12000.0
664,10000,1,3000,300,0.0,1,7,SUCCESS,14680.0,14720.0,14680.0,40.0,14720.0
665,10000,1,3000,300,0.0,0,0,SUCCESS,11800.0,11840.0,11800.0,40.0,11840.0
666,50000,1,3000,300,0.0,1,1,SUCCESS,14720.0,14920.0,14720.0,200.0,14920.0
667,10000,1,3000,300,0.0,0,2,SUCCESS,12160.0,12200.0,12160.0,40.0,12200.0
668,100000,1,3000,300,0.0,1,3,SUCCESS,14360.0,14760.0,14360.0,400.0,14760.0
669,50000,1,3000,300,0.0,0,4,SUCCESS,12000.0,12200.0,12000.0,200.0,12200.0
670,10000,1,3000,300,0.0,1,5,SUCCESS,14520.0,14560.0,14520.0,40.0,14560.0
671,10000,1,3000,300,0.0,0,6,SUCCESS,12000.0,12040.0,12000.0,40.0,12040.0
672,50000,1,3000,300,0.0,1,7,SUCCESS,14720.0,14920.0,14720.0,200.0,14920.0
673,100000,1,3000,300,0.0,0,0,SUCCESS,11840.0,12240.0,11840.0,400.0,12240.0
674,10000,1,3000,300,0.0,1,1,SUCCESS,14920.0,14960.0,14920.0,40.0,14960.0
675,10000,1,3000,300,0.0,0,2,SUCCESS,12200.0,12240.0,12200.0,40.0,12240.0
676,50000,1,3000,300,0.0,1,3,SUCCESS,14760.0,14960.0,14760.0,200.0,14960.0
677,10000,1,3000,300,0.0,0,4,SUCCESS,12200.0,12240.0,12200.0,40.0,12240.0
678,100000,1,3000,300,0.0,1,5,SUCCESS,14560.0,14960.0,14560.0,400.0,14960.0
679,50000,1,3000,300,0.0,0,6,SUCCESS,12040.0,12240.0,12040.0,200.0,12240.0
680,10000,1,3000,300,0.0,1,7,SUCCESS,14920.0,14960.0,14920.0,40.0,14960.0
681,10000,1,3000,300,0.0,0,0,SUCCESS,12240.0,12280.0,12240.0,40.0,12280.0
682,50000,1,3000,300,0.0,1,1,SUCCESS,14960.0,15160.0,14960.0,200.0,15160.0
683,100000,1,3000,300,0.0,0,2,SUCCESS,12240.0,12640.0,12240.0,400.0,12640.0
684,10000,1,3000,300,0.0,1,3,SUCCESS,14960.0,15000.0,14960.0,40.0,15000.0
685,10000,1,3000,300,0.0,0,4,SUCCESS,12240.0,12280.0,12240.0,40.0,12280.0
686,50000,1,3000,300,0.0,1,5,SUCCESS,14960.0,15160.0,14960.0,200.0,15160.0
687,10000,1,3000,300,0.0,0,6,SUCCESS,12240.0,12280.0,12240.0,40.0,12280.0
688,100000,1,3000,300,0.0,1,7,SUCCESS,14960.0,15360.0,14960.0,400.0,15360.0
689,50000,1,3000,300,0.0,0,0,SUCCESS,12280.0,12480.0,12280.0,200.0,12480.0
690,10000,1,3000,300,0.0,1,1,SUCCESS,15160.0,15200.0,15160.0,40.0,15200.0
691,10000,1,3000,300,0.0,0,2,SUCCESS,12640.0,12680.0,12640.0,40.0,12680.0
692,50000,1,3000,300,0.0,1,3,SUCCESS,15000.0,15200.0,15000.0,200.0,15200.0
693,100000,1,3000,300,0.0,0,4,SUCCESS,12280.0,12680.0,12280.0,400.0,12680.0
694,10000,1,3000,300,0.0,1,5,SUCCESS,15160.0,15200.0,15160.0,40.0,15200.0
695,10000,1,3000,300,0.0,0,6,SUCCESS,12280.0,12320.0,12280.0,40.0,12320.0
696,50000,1,3000,300,0.0,1,7,SUCCESS,15360.0,15560.0,15360.0,200.0,15560.0
697,10000,1,3000,300,0.0,0,0,SUCCESS,12480.0,12520.0,12480.0,40.0,12520.0
698,100000,1,3000,300,0.0,1,1,SUCCESS,15200.0,15600.0,15200.0,400.0,15600.0
699,50000,1,3000,300,0.0,0,2,SUCCESS,12680.0,12880.0,12680.0,200.0,12880.0
700,10000,1,3000,300,0.0,1,3,SUCCESS,15200.0,15240.0,15200.0,40.0,15240.0
701,10000,1,3000,300,0.0,0,4,SUCCESS,12680.0,12720.0,12680.0,40.0,12720.0
702,50000,1,3000,300,0.0,1,5,SUCCESS,15200.0,15400.0,15200.0,200.0,15400.0
703,100000,1,3000,300,0.0,0,6,SUCCESS,12320.0,12720.0,12320.0,400.0,12720.0
704,10000,1,3000,300,0.0,1,7,SUCCESS,15560.0,15600.0,15560.0,40.0,15600.0
705,10000,1,3000,300,0.0,0,0,SUCCESS,12520.0,12560.0,12520.0,40.0,12560.0
706,50000,1,3000,300,0.0,1,1,SUCCESS,15600.0,15800.0,15600.0,200.0,15800.0
707,10000,1,3000,300,0.0,0,2,SUCCESS,12880.0,12920.0,12880.0,40.0,12920.0
708,100000,1,3000,300,0.0,1,3,SUCCESS,15240.0,15640.0,15240.0,400.0,15640.0
709,50000,1,3000,300,0.0,0,4,SUCCESS,12720.0,12920.0,12720.0,200.0,12920.0
710,10000,1,3000,300,0.0,1,5,SUCCESS,15400.0,15440.0,15400.0,40.0,15440.0
711,10000,1,3000,300,0.0,0,6,SUCCESS,12720.0,12760.0,12720.0,40.0,12760.0
712,50000,1,3000,300,0.0,1,7,SUCCESS,15600.0,15800.0,15600.0,200.0,15800.0
713,100000,1,3000,300,0.0,0,0,SUCCESS,12560.0,12960.0,12560.0,400.0,12960.0
714,10000,1,3000,300,0.0,1,1,SUCCESS,15800.0,15840.0,15800.0,40.0,15840.0
715,10000,1,3000,300,0.0,0,2,SUCCESS,12920.0,12960.0,12920.0,40.0,12960.0
716,50000,1,3000,300,0.0,1,3,SUCCESS,15640.0,15840.0,15640.0,200.0,15840.0
717,10000,1,3000,300,0.0,0,4,SUCCESS,12920.0,12960.0,12920.0,40.0,12960.0
718,100000,1,3000,300,0.0,1,5,SUCCESS,15440.0,15840.0,15440.0,400.0,15840.0
719,50000,1,3000,300,0.0,0,6,SUCCESS,12760.0,12960.0,12760.0,200.0,12960.0
720,10000,1,3000,300,0.0,1,7,SUCCESS,15800.0,15840.0,15800.0,40.0,15840.0
721,10000,1,3000,300,0.0,0,0,SUCCESS,12960.0,13000.0,12960.0,40.0,13000.0
722,50000,1,3000,300,0.0,1,1,SUCCESS,15840.0,16040.0,15840.0,200.0,16040.0
723,100000,1,3000,300,0.0,0,2,SUCCESS,12960.0,13360.0,12960.0,400.0,13360.0
724,10000,1,3000,300,0.0,1,3,SUCCESS,15840.0,15880.0,15840.0,40.0,15880.0
725,10000,1,3000,300,0.0,0,4,SUCCESS,12960.0,13000.0,12960.0,40.0,13000.0
726,50000,1,3000,300,0.0,1,5,SUCCESS,15840.0,16040.0,15840.0,200.0,16040.0
727,10000,1,3000,300,0.0,0,6,SUCCESS,12960.0,13000.0,12960.0,40.0,13000.0
728,100000,1,3000,300,0.0,1,7,SUCCESS,15840.0,16240.0,15840.0,400.0,16240.0
729,50000,1,3000,300,0.0,0,0,SUCCESS,13000.0,13200.0,13000.0,200.0,13200.0
730,10000,1,3000,300,0.0,1,1,SUCCESS,16040.0,16080.0,16040.0,40.0,16080.0
731,10000,1,3000,300,0.0,0,2,SUCCESS,13360.0,13400.0,13360.0,40.0,13400.0
732,50000,1,3000,300,0.0,1,3,SUCCESS,15880.0,16080.0,15880.0,200.0,16080.0
733,100000,1,3000,300,0.0,0,4,SUCCESS,13000.0,13400.0,13000.0,400.0,13400.0
734,10000,1,3000,300,0.0,1,5,SUCCESS,16040.0,16080.0,16040.0,40.0,16080.0
735,10000,1,3000,300,0.0,0,6,SUCCESS,13000.0,13040.0,13000.0,40.0,13040.0
736,50000,1,3000,300,0.0,1,7,SUCCESS,16240.0,16440.0,16240.0,200.0,16440.0
737,10000,1,3000,300,0.0,0,0,SUCCESS,13200.0,13240.0,13200.0,40.0,13240.0
738,100000,1,3000,300,0.0,1,1,SUCCESS,16080.0,16480.0,16080.0,400.0,16480.0
739,50000,1,3000,300,0.0,0,2,SUCCESS,13400.0,13600.0,13400.0,200.0,13600.0
740,10000,1,3000,300,0.0,1,3,SUCCESS,16080.0,16120.0,16080.0,40.0,16120.0
741,10000,1,3000,300,0.0,0,4,SUCCESS,13400.0,13440.0,13400.0,40.0,13440.0
742,50000,1,3000,300,0.0,1,5,SUCCESS,16080.0,16280.0,16080.0,200.0,16280.0
743,100000,1,3000,300,0.0,0,6,SUCCESS,13040.0,13440.0,13040.0,400.0,13440.0
744,10000,1,3000,300,0.0,1,7,SUCCESS,16440.0,16480.0,16440.0,40.0,16480.0
745,10000,1,3000,300,0.0,0,0,SUCCESS,13240.0,13280.0,13240.0,40.0,13280.0
746,50000,1,3000,300,0.0,1,1,SUCCESS,16480.0,16680.0,16480.0,200.0,16680.0
747,10000,1,3000,300,0.0,0,2,SUCCESS,13600.0,13640.0,13600.0,40.0,13640.0
748,100000,1,3000,300,0.0,1,3,SUCCESS,16120.0,16520.0,16120.0,400.0,16520.0
749,50000,1,3000,300,0.0,0,4,SUCCESS,13440.0,13640.0,13440.0,200.0,13640.0
750,10000,1,3000,300,0.0,1,5,SUCCESS,16280.0,16320.0,16280.0,40.0,16320.0
751,10000,1,3000,300,0.0,0,6,SUCCESS,13440.0,13480.0,13440.0,40.0,13480.0
752,50000,1,3000,300,0.0,1,7,SUCCESS,16480.0,16680.0,16480.0,200.0,16680.0
753,100000,1,3000,300,0.0,0,0,SUCCESS,13280.0,13680.0,13280.0,400.0,13680.0
754,10000,1,3000,300,0.0,1,1,SUCCESS,16680.0,16720.0,16680.0,40.0,16720.0
755,10000,1,3000,300,0.0,0,2,SUCCESS,13640.0,13680.0,13640.0,40.0,13680.0
756,50000,1,3000,300,0.0,1,3,SUCCESS,16520.0,16720.0,16520.0,200.0,16720.0
757,10000,1,3000,300,0.0,0,4,SUCCESS,13640.0,13680.0,13640.0,40.0,13680.0
758,100000,1,3000,300,0.0,1,5,SUCCESS,16320.0,16720.0,16320.0,400.0,16720.0
759,50000,1,3000,300,0.0,0,6,SUCCESS,13480.0,13680.0,13480.0,200.0,13680.0
760,10000,1,3000,300,0.0,1,7,SUCCESS,16680.0,16720.0,16680.0,40.0,16720.0
761,10000,1,3000,300,0.0,0,0,SUCCESS,13680.0,13720.0,13680.0,40.0,13720.0
762,50000,1,3000,300,0.0,1,1,SUCCESS,16720.0,16920.0,16720.0,200.0,16920.0
763,100000,1,3000,300,0.0,0,2,SUCCESS,13680.0,14080.0,13680.0,400.0,14080.0
764,10000,1,3000,300,0.0,1,3,SUCCESS,16720.0,16760.0,16720.0,40.0,16760.0
765,10000,1,3000,300,0.0,0,4,SUCCESS,13680.0,13720.0,13680.0,40.0,13720.0
766,50000,1,3000,300,0.0,1,5,SUCCESS,16720.0,16920.0,16720.0,200.0,16920.0
767,10000,1,3000,300,0.0,0,6,SUCCESS,13680.0,13720.0,13680.0,40.0,13720.0
768,100000,1,3000,300,0.0,1,7,SUCCESS,16720.0,17120.0,16720.0,400.0,17120.0
769,50000,1,3000,300,0.0,0,0,SUCCESS,13720.0,13920.0,13720.0,200.0,13920.0
770,10000,1,3000,300,0.0,1,1,SUCCESS,16920.0,16960.0,16920.0,40.0,16960.0
771,10000,1,3000,300,0.0,0,2,SUCCESS,14080.0,14120.0,14080.0,40.0,14120.0
772,50000,1,3000,300,0.0,1,3,SUCCESS,16760.0,16960.0,16760.0,200.0,16960.0
773,100000,1,3000,300,0.0,0,4,SUCCESS,13720.0,14120.0,13720.0,400.0,14120.0
774,10000,1,3000,300,0.0,1,5,SUCCESS,16920.0,16960.0,16920.0,40.0,16960.0
775,10000,1,3000,300,0.0,0,6,SUCCESS,13720.0,13760.0,13720.0,40.0,13760.0
776,50000,1,3000,300,0.0,1,7,SUCCESS,17120.0,17320.0,17120.0,200.0,17320.0
777,10000,1,3000,300,0.0,0,0,SUCCESS,13920.0,13960.0,13920.0,40.0,13960.0
778,100000,1,3000,300,0.0,1,1,SUCCESS,16960.0,17360.0,16960.0,400.0,17360.0
779,50000,1,3000,300,0.0,0,2,SUCCESS,14120.0,14320.0,14120.0,200.0,14320.0
780,10000,1,3000,300,0.0,1,3,SUCCESS,16960.0,17000.0,16960.0,40.0,17000.0
781,10000,1,3000,300,0.0,0,4,SUCCESS,14120.0,14160.0,14120.0,40.0,14160.0
782,50000,1,3000,300,0.0,1,5,SUCCESS,16960.0,17160.0,16960.0,200.0,17160.0
783,100000,1,3000,300,0.0,0,6,SUCCESS,13760.0,14160.0,13760.0,400.0,14160.0
784,10000,1,3000,300,0.0,1,7,SUCCESS,17320.0,17360.0,17320.0,40.0,17360.0
785,10000,1,3000,300,0.0,0,0,SUCCESS,13960.0,14000.0,13960.0,40.0,14000.0
786,50000,1,3000,300,0.0,1,1,SUCCESS,17360.0,17560.0,17360.0,200.0,17560.0
787,10000,1,3000,300,0.0,0,2,SUCCESS,14320.0,14360.0,14320.0,40.0,14360.0
788,100000,1,3000,300,0.0,1,3,SUCCESS,17000.0,17400.0,17000.0,400.0,17400.0
789,50000,1,3000,300,0.0,0,4,SUCCESS,14160.0,14360.0,14160.0,200.0,14360.0
790,10000,1,3000,300,0.0,1,5,SUCCESS,17160.0,17200.0,17160.0,40.0,17200.0
791,10000,1,3000,300,0.0,0,6,SUCCESS,14160.0,14200.0,14160.0,40.0,14200.0
792,50000,1,3000,300,0.0,1,7,SUCCESS,17360.0,17560.0,17360.0,200.0,17560.0
793,100000,1,3000,300,0.0,0,0,SUCCESS,14000.0,14400.0,14000.0,400.0,14400.0
794,10000,1,3000,300,0.0,1,1,SUCCESS,17560.0,17600.0,17560.0,40.0,17600.0
795,10000,1,3000,300,0.0,0,2,SUCCESS,14360.0,14400.0,14360.0,40.0,14400.0
796,50000,1,3000,300,0.0,1,3,SUCCESS,17400.0,17600.0,17400.0,200.0,17600.0
797,10000,1,3000,300,0.0,0,4,SUCCESS,14360.0,14400.0,14360.0,40.0,14400.0
798,100000,1,3000,300,0.0,1,5,SUCCESS,17200.0,17600.0,17200.0,400.0,17600.0
799,50000,1,3000,300,0.0,0,6,SUCCESS,14200.0,14400.0,14200.0,200.0,14400.0
800,10000,1,3000,300,0.0,1,7,SUCCESS,17560.0,17600.0,17560.0,40.0,17600.0
801,10000,1,3000,300,0.0,0,0,SUCCESS,14400.0,14440.0,14400.0,40.0,14440.0
802,50000,1,3000,300,0.0,1,1,SUCCESS,17600.0,17800.0,17600.0,200.0,17800.0
803,100000,1,3000,300,0.0,0,2,SUCCESS,14400.0,14800.0,14400.0,400.0,14800.0
804,10000,1,3000,300,0.0,1,3,SUCCESS,17600.0,17640.0,17600.0,40.0,17640.0
805,10000,1,3000,300,0.0,0,4,SUCCESS,14400.0,14440.0,14400.0,40.0,14440.0
806,50000,1,3000,300,0.0,1,5,SUCCESS,17600.0,17800.0,17600.0,200.0,17800.0
807,10000,1,3000,300,0.0,0,6,SUCCESS,14400.0,14440.0,14400.0,40.0,14440.0
808,100000,1,3000,300,0.0,1,7,SUCCESS,17600.0,18000.0,17600.0,400.0,18000.0
809,50000,1,3000,300,0.0,0,0,SUCCESS,14440.0,14640.0,14440.0,200.0,14640.0
810,10000,1,3000,300,0.0,1,1,SUCCESS,17800.0,17840.0,17800.0,40.0,17840.0
811,10000,1,3000,300,0.0,0,2,SUCCESS,14800.0,14840.0,14800.0,40.0,14840.0
812,50000,1,3000,300,0.0,1,3,SUCCESS,17640.0,17840.0,17640.0,200.0,17840.0
813,100000,1,3000,300,0.0,0,4,SUCCESS,14440.0,14840.0,14440.0,400.0,14840.0
814,10000,1,3000,300,0.0,1,5,SUCCESS,17800.0,17840.0,17800.0,40.0,17840.0
815,10000,1,3000,300,0.0,0,6,SUCCESS,14440.0,14480.0,14440.0,40.0,14480.0
816,50000,1,3000,300,0.0,1,7,SUCCESS,18000.0,18200.0,18000.0,200.0,18200.0
817,10000,1,3000,300,0.0,0,0,SUCCESS,14640.0,14680.0,14640.0,40.0,14680.0
818,100000,1,3000,300,0.0,1,1,SUCCESS,17840.0,18240.0,17840.0,400.0,18240.0
819,50000,1,3000,300,0.0,0,2,SUCCESS,14840.0,15040.0,14840.0,200.0,15040.0
820,10000,1,3000,300,0.0,1,3,SUCCESS,17840.0,17880.0,17840.0,40.0,17880.0
821,10000,1,3000,300,0.0,0,4,SUCCESS,14840.0,14880.0,14840.0,40.0,14880.0
822,50000,1,3000,300,0.0,1,5,SUCCESS,17840.0,18040.0,17840.0,200.0,18040.0
823,100000,1,3000,300,0.0,0,6,SUCCESS,14480.0,14880.0,14480.0,400.0,14880.0
824,10000,1,3000,300,0.0,1,7,SUCCESS,18200.0,18240.0,18200.0,40.0,18240.0
825,10000,1,3000,300,0.0,0,0,SUCCESS,14680.0,14720.0,14680.0,40.0,14720.0
826,50000,1,3000,300,0.0,1,1,SUCCESS,18240.0,18440.0,18240.0,200.0,18440.0
827,10000,1,3000,300,0.0,0,2,SUCCESS,15040.0,15080.0,15040.0,40.0,15080.0
828,100000,1,3000,300,0.0,1,3,SUCCESS,17880.0,18280.0,17880.0,400.0,18280.0
829,50000,1,3000,300,0.0,0,4,SUCCESS,14880.0,15080.0,14880.0,200.0,15080.0
830,10000,1,3000,300,0.0,1,5,SUCCESS,18040.0,18080.0,18040.0,40.0,18080.0
831,10000,1,3000,300,0.0,0,6,SUCCESS,14880.0,14920.0,14880.0,40.0,14920.0
832,50000,1,3000,300,0.0,1,7,SUCCESS,18240.0,18440.0,18240.0,200.0,18440.0
833,100000,1,3000,300,0.0,0,0,SUCCESS,14720.0,15120.0,14720.0,400.0,15120.0
834,10000,1,3000,300,0.0,1,1,SUCCESS,18440.0,18480.0,18440.0,40.0,18480.0
835,10000,1,3000,300,0.0,0,2,SUCCESS,15080.0,15120.0,15080.0,40.0,15120.0
836,50000,1,3000,300,0.0,1,3,SUCCESS,18280.0,18480.0,18280.0,200.0,18480.0
837,10000,1,3000,300,0.0,0,4,SUCCESS,15080.0,15120.0,15080.0,40.0,15120.0
838,100000,1,3000,300,0.0,1,5,SUCCESS,18080.0,18480.0,18080.0,400.0,18480.0
839,50000,1,3000,300,0.0,0,6,SUCCESS,14920.0,15120.0,14920.0,200.0,15120.0
840,10000,1,3000,300,0.0,1,7,SUCCESS,18440.0,18480.0,18440.0,40.0,18480.0
841,10000,1,3000,300,0.0,0,0,SUCCESS,15120.0,15160.0,15120.0,40.0,15160.0
842,50000,1,3000,300,0.0,1,1,SUCCESS,18480.0,18680.0,18480.0,200.0,18680.0
843,100000,1,3000,300,0.0,0,2,SUCCESS,15120.0,15520.0,15120.0,400.0,15520.0
844,10000,1,3000,300,0.0,1,3,SUCCESS,18480.0,18520.0,18480.0,40.0,18520.0
845,10000,1,3000,300,0.0,0,4,SUCCESS,15120.0,15160.0,15120.0,40.0,15160.0
846,50000,1,3000,300,0.0,1,5,SUCCESS,18480.0,18680.0,18480.0,200.0,18680.0
847,10000,1,3000,300,0.0,0,6,SUCCESS,15120.0,15160.0,15120.0,40.0,15160.0
848,100000,1,3000,300,0.0,1,7,SUCCESS,18480.0,18880.0,18480.0,400.0,18880.0
849,50000,1,3000,300,0.0,0,0,SUCCESS,15160.0,15360.0,15160.0,200.0,15360.0
850,10000,1,3000,300,0.0,1,1,SUCCESS,18680.0,18720.0,18680.0,40.0,18720.0
851,10000,1,3000,300,0.0,0,2,SUCCESS,15520.0,15560.0,15520.0,40.0,15560.0
852,50000,1,3000,300,0.0,1,3,SUCCESS,18520.0,18720.0,18520.0,200.0,18720.0
853,100000,1,3000,300,0.0,0,4,SUCCESS,15160.0,15560.0,15160.0,400.0,15560.0
854,10000,1,3000,300,0.0,1,5,SUCCESS,18680.0,18720.0,18680.0,40.0,18720.0
855,10000,1,3000,300,0.0,0,6,SUCCESS,15160.0,15200.0,15160.0,40.0,15200.0
856,50000,1,3000,300,0.0,1,7,SUCCESS,18880.0,19080.0,18880.0,200.0,19080.0
857,10000,1,3000,300,0.0,0,0,SUCCESS,15360.0,15400.0,15360.0,40.0,15400.0
858,100000,1,3000,300,0.0,1,1,SUCCESS,18720.0,19120.0,18720.0,400.0,19120.0
859,50000,1,3000,300,0.0,0,2,SUCCESS,15560.0,15760.0,15560.0,200.0,15760.0
860,10000,1,3000,300,0.0,1,3,SUCCESS,18720.0,18760.0,18720.0,40.0,18760.0
861,10000,1,3000,300,0.0,0,4,SUCCESS,15560.0,15600.0,15560.0,40.0,15600.0
862,50000,1,3000,300,0.0,1,5,SUCCESS,18720.0,18920.0,18720.0,200.0,18920.0
863,100000,1,3000,300,0.0,0,6,SUCCESS,15200.0,15600.0,15200.0,400.0,15600.0
864,10000,1,3000,300,0.0,1,7,SUCCESS,19080.0,19120.0,19080.0,40.0,19120.0
865,10000,1,3000,300,0.0,0,0,SUCCESS,15400.0,15440.0,15400.0,40.0,15440.0
866,50000,1,3000,300,0.0,1,1,SUCCESS,19120.0,19320.0,19120.0,200.0,19320.0
867,10000,1,3000,300,0.0,0,2,SUCCESS,15760.0,15800.0,15760.0,40.0,15800.0
868,100000,1,3000,300,0.0,1,3,SUCCESS,18760.0,19160.0,18760.0,400.0,19160.0
869,50000,1,3000,300,0.0,0,4,SUCCESS,15600.0,15800.0,15600.0,200.0,15800.0
870,10000,1,3000,300,0.0,1,5,SUCCESS,18920.0,18960.0,18920.0,40.0,18960.0
871,10000,1,3000,300,0.0,0,6,SUCCESS,15600.0,15640.0,15600.0,40.0,15640.0
872,50000,1,3000,300,0.0,1,7,SUCCESS,19120.0,19320.0,19120.0,200.0,19320.0
873,100000,1,3000,300,0.0,0,0,SUCCESS,15440.0,15840.0,15440.0,400.0,15840.0
874,10000,1,3000,300,0.0,1,1,SUCCESS,19320.0,19360.0,19320.0,40.0,19360.0
875,10000,1,3000,300,0.0,0,2,SUCCESS,15800.0,15840.0,15800.0,40.0,15840.0
876,50000,1,3000,300,0.0,1,3,SUCCESS,19160.0,19360.0,19160.0,200.0,19360.0
877,10000,1,3000,300,0.0,0,4,SUCCESS,15800.0,15840.0,15800.0,40.0,15840.0
878,100000,1,3000,300,0.0,1,5,SUCCESS,18960.0,19360.0,18960.0,400.0,19360.0
879,50000,1,3000,300,0.0,0,6,SUCCESS,15640.0,15840.0,15640.0,200.0,15840.0
880,10000,1,3000,300,0.0,1,7,SUCCESS,19320.0,19360.0,19320.0,40.0,19360.0
881,10000,1,3000,300,0.0,0,0,SUCCESS,15840.0,15880.0,15840.0,40.0,15880.0
882,50000,1,3000,300,0.0,1,1,SUCCESS,19360.0,19560.0,19360.0,200.0,19560.0
883,100000,1,3000,300,0.0,0,2,SUCCESS,15840.0,16240.0,15840.0,400.0,16240.0
884,10000,1,3000,300,0.0,1,3,SUCCESS,19360.0,19400.0,19360.0,40.0,19400.0
885,10000,1,3000,300,0.0,0,4,SUCCESS,15840.0,15880.0,15840.0,40.0,15880.0
886,50000,1,3000,300,0.0,1,5,SUCCESS,19360.0,19560.0,19360.0,200.0,19560.0
887,10000,1,3000,300,0.0,0,6,SUCCESS,15840.0,15880.0,15840.0,40.0,15880.0
888,100000,1,3000,300,0.0,1,7,SUCCESS,19360.0,19760.0,19360.0,400.0,19760.0
889,50000,1,3000,300,0.0,0,0,SUCCESS,15880.0,16080.0,15880.0,200.0,16080.0
890,10000,1,3000,300,0.0,1,1,SUCCESS,19560.0,19600.0,19560.0,40.0,19600.0
891,10000,1,3000,300,0.0,0,2,SUCCESS,16240.0,16280.0,16240.0,40.0,16280.0
892,50000,1,3000,300,0.0,1,3,SUCCESS,19400.0,19600.0,19400.0,200.0,19600.0
893,100000,1,3000,300,0.0,0,4,SUCCESS,15880.0,16280.0,15880.0,400.0,16280.0
894,10000,1,3000,300,0.0,1,5,SUCCESS,19560.0,19600.0,19560.0,40.0,19600.0
895,10000,1,3000,300,0.0,0,6,SUCCESS,15880.0,15920.0,15880.0,40.0,15920.0
896,50000,1,3000,300,0.0,1,7,SUCCESS,19760.0,19960.0,19760.0,200.0,19960.0
897,10000,1,3000,300,0.0,0,0,SUCCESS,16080.0,16120.0,16080.0,40.0,16120.0
898,100000,1,3000,300,0.0,1,1,SUCCESS,19600.0,20000.0,19600.0,400.0,20000.0
899,50000,1,3000,300,0.0,0,2,SUCCESS,16280.0,16480.0,16280.0,200.0,16480.0
900,10000,1,3000,300,0.0,1,3,SUCCESS,19600.0,19640.0,19600.0,40.0,19640.0
901,10000,1,3000,300,0.0,0,4,SUCCESS,16280.0,16320.0,16280.0,40.0,16320.0
902,50000,1,3000,300,0.0,1,5,SUCCESS,19600.0,19800.0,19600.0,200.0,19800.0
903,100000,1,3000,300,0.0,0,6,SUCCESS,15920.0,16320.0,15920.0,400.0,16320.0
904,10000,1,3000,300,0.0,1,7,SUCCESS,19960.0,20000.0,19960.0,40.0,20000.0
905,10000,1,3000,300,0.0,0,0,SUCCESS,16120.0,16160.0,16120.0,40.0,16160.0
906,50000,1,3000,300,0.0,1,1,SUCCESS,20000.0,20200.0,20000.0,200.0,20200.0
907,10000,1,3000,300,0.0,0,2,SUCCESS,16480.0,16520.0,16480.0,40.0,16520.0
908,100000,1,3000,300,0.0,1,3,SUCCESS,19640.0,20040.0,19640.0,400.0,20040.0
909,50000,1,3000,300,0.0,0,4,SUCCESS,16320.0,16520.0,16320.0,200.0,16520.0
910,10000,1,3000,300,0.0,1,5,SUCCESS,19800.0,19840.0,19800.0,40.0,19840.0
911,10000,1,3000,300,0.0,0,6,SUCCESS,16320.0,16360.0,16320.0,40.0,16360.0
912,50000,1,3000,300,0.0,1,7,SUCCESS,20000.0,20200.0,20000.0,200.0,20200.0
913,100000,1,3000,300,0.0,0,0,SUCCESS,16160.0,16560.0,16160.0,400.0,16560.0
914,10000,1,3000,300,0.0,1,1,SUCCESS,20200.0,20240.0,20200.0,40.0,20240.0
915,10000,1,3000,300,0.0,0,2,SUCCESS,16520.0,16560.0,16520.0,40.0,16560.0
916,50000,1,3000,300,0.0,1,3,SUCCESS,20040.0,20240.0,20040.0,200.0,20240.0
917,10000,1,3000,300,0.0,0,4,SUCCESS,16520.0,16560.0,16520.0,40.0,16560.0
918,100000,1,3000,300,0.0,1,5,SUCCESS,19840.0,20240.0,19840.0,400.0,20240.0
919,50000,1,3000,300,0.0,0,6,SUCCESS,16360.0,16560.0,16360.0,200.0,16560.0
920,10000,1,3000,300,0.0,1,7,SUCCESS,20200.0,20240.0,20200.0,40.0,20240.0
921,10000,1,3000,300,0.0,0,0,SUCCESS,16560.0,16600.0,16560.0,40.0,16600.0
922,50000,1,3000,300,0.0,1,1,SUCCESS,20240.0,20440.0,20240.0,200.0,20440.0
923,100000,1,3000,300,0.0,0,2,SUCCESS,16560.0,16960.0,16560.0,400.0,16960.0
924,10000,1,3000,300,0.0,1,3,SUCCESS,20240.0,20280.0,20240.0,40.0,20280.0
925,10000,1,3000,300,0.0,0,4,SUCCESS,16560.0,16600.0,16560.0,40.0,16600.0
926,50000,1,3000,300,0.0,1,5,SUCCESS,20240.0,20440.0,20240.0,200.0,20440.0
927,10000,1,3000,300,0.0,0,6,SUCCESS,16560.0,16600.0,16560.0,40.0,16600.0
928,100000,1,3000,300,0.0,1,7,SUCCESS,20240.0,20640.0,20240.0,400.0,20640.0
929,50000,1,3000,300,0.0,0,0,SUCCESS,16600.0,16800.0,16600.0,200.0,16800.0
930,10000,1,3000,300,0.0,1,1,SUCCESS,20440.0,20480.0,20440.0,40.0,20480.0
931,10000,1,3000,300,0.0,0,2,SUCCESS,16960.0,17000.0,16960.0,40.0,17000.0
932,50000,1,3000,300,0.0,1,3,SUCCESS,20280.0,20480.0,20280.0,200.0,20480.0
933,100000,1,3000,300,0.0,0,4,SUCCESS,16600.0,17000.0,16600.0,400.0,17000.0
934,10000,1,3000,300,0.0,1,5,SUCCESS,20440.0,20480.0,20440.0,40.0,20480.0
935,10000,1,3000,300,0.0,0,6,SUCCESS,16600.0,16640.0,16600.0,40.0,16640.0
936,50000,1,3000,300,0.0,1,7,SUCCESS,20640.0,20840.0,20640.0,200.0,20840.0
937,10000,1,3000,300,0.0,0,0,SUCCESS,16800.0,16840.0,16800.0,40.0,16840.0
938,100000,1,3000,300,0.0,1,1,SUCCESS,20480.0,20880.0,20480.0,400.0,20880.0
939,50000,1,3000,300,0.0,0,2,SUCCESS,17000.0,17200.0,17000.0,200.0,17200.0
940,10000,1,3000,300,0.0,1,3,SUCCESS,20480.0,20520.0,20480.0,40.0,20520.0
941,10000,1,3000,300,0.0,0,4,SUCCESS,17000.0,17040.0,17000.0,40.0,17040.0
942,50000,1,3000,300,0.0,1,5,SUCCESS,20480.0,20680.0,20480.0,200.0,20680.0
943,100000,1,3000,300,0.0,0,6,SUCCESS,16640.0,17040.0,16640.0,400.0,17040.0
944,10000,1,3000,300,0.0,1,7,SUCCESS,20840.0,20880.0,20840.0,40.0,20880.0
945,10000,1,3000,300,0.0,0,0,SUCCESS,16840.0,16880.0,16840.0,40.0,16880.0
946,50000,1,3000,300,0.0,1,1,SUCCESS,20880.0,21080.0,20880.0,200.0,21080.0
947,10000,1,3000,300,0.0,0,2,SUCCESS,17200.0,17240.0,17200.0,40.0,17240.0
948,100000,1,3000,300,0.0,1,3,SUCCESS,20520.0,20920.0,20520.0,400.0,20920.0
949,50000,1,3000,300,0.0,0,4,SUCCESS,17040.0,17240.0,17040.0,200.0,17240.0
950,10000,1,3000,300,0.0,1,5,SUCCESS,20680.0,20720.0,20680.0,40.0,20720.0
951,10000,1,3000,300,0.0,0,6,SUCCESS,17040.0,17080.0,17040.0,40.0,17080.0
952,50000,1,3000,300,0.0,1,7,SUCCESS,20880.0,21080.0,20880.0,200.0,21080.0
953,100000,1,3000,300,0.0,0,0,SUCCESS,16880.0,17280.0,16880.0,400.0,17280.0
954,10000,1,3000,300,0.0,1,1,SUCCESS,21080.0,21120.0,21080.0,40.0,21120.0
955,10000,1,3000,300,0.0,0,2,SUCCESS,17240.0,17280.0,17240.0,40.0,17280.0
956,50000,1,3000,300,0.0,1,3,SUCCESS,20920.0,21120.0,20920.0,200.0,21120.0
957,10000,1,3000,300,0.0,0,4,SUCCESS,17240.0,17280.0,17240.0,40.0,17280.0
958,100000,1,3000,300,0.0,1,5,SUCCESS,20720.0,21120.0,20720.0,400.0,21120.0
959,50000,1,3000,300,0.0,0,6,SUCCESS,17080.0,17280.0,17080.0,200.0,17280.0
960,10000,1,3000,300,0.0,1,7,SUCCESS,21080.0,21120.0,21080.0,40.0,21120.0
961,10000,1,3000,300,0.0,0,0,SUCCESS,17280.0,17320.0,17280.0,40.0,17320.0
962,50000,1,3000,300,0.0,1,1,SUCCESS,21120.0,21320.0,21120.0,200.0,21320.0
963,100000,1,3000,300,0.0,0,2,SUCCESS,17280.0,17680.0,17280.0,400.0,17680.0
964,10000,1,3000,300,0.0,1,3,SUCCESS,21120.0,21160.0,21120.0,40.0,21160.0
965,10000,1,3000,300,0.0,0,4,SUCCESS,17280.0,17320.0,17280.0,40.0,17320.0
966,50000,1,3000,300,0.0,1,5,SUCCESS,21120.0,21320.0,21120.0,200.0,21320.0
967,10000,1,3000,300,0.0,0,6,SUCCESS,17280.0,17320.0,17280.0,40.0,17320.0
968,100000,1,3000,300,0.0,1,7,SUCCESS,21120.0,21520.0,21120.0,400.0,21520.0
969,50000,1,3000,300,0.0,0,0,SUCCESS,17320.0,17520.0,17320.0,200.0,17520.0
970,10000,1,3000,300,0.0,1,1,SUCCESS,21320.0,21360.0,21320.0,40.0,21360.0
971,10000,1,3000,300,0.0,0,2,SUCCESS,17680.0,17720.0,17680.0,40.0,17720.0
972,50000,1,3000,300,0.0,1,3,SUCCESS,21160.0,21360.0,21160.0,200.0,21360.0
973,100000,1,3000,300,0.0,0,4,SUCCESS,17320.0,17720.0,17320.0,400.0,17720.0
974,10000,1,3000,300,0.0,1,5,SUCCESS,21320.0,21360.0,21320.0,40.0,21360.0
975,10000,1,3000,300,0.0,0,6,SUCCESS,17320.0,17360.0,17320.0,40.0,17360.0
976,50000,1,3000,300,0.0,1,7,SUCCESS,21520.0,21720.0,21520.0,200.0,21720.0
977,10000,1,3000,300,0.0,0,0,SUCCESS,17520.0,17560.0,17520.0,40.0,17560.0
978,100000,1,3000,300,0.0,1,1,SUCCESS,21360.0,21760.0,21360.0,400.0,21760.0
979,50000,1,3000,300,0.0,0,2,SUCCESS,17720.0,17920.0,17720.0,200.0,17920.0
980,10000,1,3000,300,0.0,1,3,SUCCESS,21360.0,21400.0,21360.0,40.0,21400.0
981,10000,1,3000,300,0.0,0,4,SUCCESS,17720.0,17760.0,17720.0,40.0,17760.0
982,50000,1,3000,300,0.0,1,5,SUCCESS,21360.0,21560.0,21360.0,200.0,21560.0
983,100000,1,3000,300,0.0,0,6,SUCCESS,17360.0,17760.0,17360.0,400.0,17760.0
984,10000,1,3000,300,0.0,1,7,SUCCESS,21720.0,21760.0,21720.0,40.0,21760.0
985,10000,1,3000,300,0.0,0,0,SUCCESS,17560.0,17600.0,17560.0,40.0,17600.0
986,50000,1,3000,300,0.0,1,1,SUCCESS,21760.0,21960.0,21760.0,200.0,21960.0
987,10000,1,3000,300,0.0,0,2,SUCCESS,17920.0,17960.0,17920.0,40.0,17960.0
988,100000,1,3000,300,0.0,1,3,SUCCESS,21400.0,21800.0,21400.0,400.0,21800.0
989,50000,1,3000,300,0.0,0,4,SUCCESS,17760.0,17960.0,17760.0,200.0,17960.0
990,10000,1,3000,300,0.0,1,5,SUCCESS,21560.0,21600.0,21560.0,40.0,21600.0
991,10000,1,3000,300,0.0,0,6,SUCCESS,17760.0,17800.0,17760.0,40.0,17800.0
992,50000,1,3000,300,0.0,1,7,SUCCESS,21760.0,21960.0,21760.0,200.0,21960.0
993,100000,1,3000,300,0.0,0,0,SUCCESS,17600.0,18000.0,17600.0,400.0,18000.0
994,10000,1,3000,300,0.0,1,1,SUCCESS,21960.0,22000.0,21960.0,40.0,22000.0
995,10000,1,3000,300,0.0,0,2,SUCCESS,17960.0,18000.0,17960.0,40.0,18000.0
996,50000,1,3000,300,0.0,1,3,SUCCESS,21800.0,22000.0,21800.0,200.0,22000.0
997,10000,1,3000,300,0.0,0,4,SUCCESS,17960.0,18000.0,17960.0,40.0,18000.0
998,100000,1,3000,300,0.0,1,5,SUCCESS,21600.0,22000.0,21600.0,400.0,22000.0
999,50000,1,3000,300,0.0,0,6,SUCCESS,17800.0,18000.0,17800.0,200.0,18000.0
1000,10000,1,3000,300,0.0,1,7,SUCCESS,21960.0,22000.0,21960.0,40.0,22000.0
