task_id,length_mi
1,10000
2,50000
3,100000
4,10000
5,10000
6,50000
7,10000
8,100000
9,50000
10,10000
11,10000
12,50000
13,100000
14,10000
15,10000
16,50000
17,10000
18,100000
19,50000
20,10000
21,10000
22,50000
23,100000
24,10000
25,10000
26,50000
27,10000
28,100000
29,50000
30,10000
31,10000
32,50000
33,100000
34,10000
35,10000
36,50000
37,10000
38,100000
39,50000
40,10000
41,10000
42,50000
43,100000
44,10000
45,10000
46,50000
47,10000
48,100000
49,50000
50,10000
51,10000
52,50000
53,100000
54,10000
55,10000
56,50000
57,10000
58,100000
59,50000
60,10000
61,10000
62,50000
63,100000
64,10000
65,10000
66,50000
67,10000
68,100000
69,50000
70,10000
71,10000
72,50000
73,100000
74,10000
75,10000
76,50000
77,10000
78,100000
79,50000
80,10000
81,10000
82,50000
83,100000
84,10000
85,10000
86,50000
87,10000
88,100000
89,50000
90,10000
91,10000
92,50000
93,100000
94,10000
95,10000
96,50000
97,10000
98,100000
99,50000
100,10000
101,10000
102,50000
103,100000
104,10000
105,10000
106,50000
107,10000
108,100000
109,50000
110,10000
111,10000
112,50000
113,100000
114,10000
115,10000
116,50000
117,10000
118,100000
119,50000
120,10000
121,10000
122,50000
123,100000
124,10000
125,10000
126,50000
127,10000
128,100000
129,50000
130,10000
131,10000
132,50000
133,100000
134,10000
135,10000
136,50000
137,10000
138,100000
139,50000
140,10000
141,10000
142,50000
143,100000
144,10000
145,10000
146,50000
147,10000
148,100000
149,50000
150,10000
151,10000
152,50000
153,100000
154,10000
155,10000
156,50000
157,10000
158,100000
159,50000
160,10000
161,10000
162,50000
163,100000
164,10000
165,10000
166,50000
167,10000
168,100000
169,50000
170,10000
171,10000
172,50000
173,100000
174,10000
175,10000
176,50000
177,10000
178,100000
179,50000
180,10000
181,10000
182,50000
183,100000
184,10000
185,10000
186,50000
187,10000
188,100000
189,50000
190,10000
191,10000
192,50000
193,100000
194,10000
195,10000
196,50000
197,10000
198,100000
199,50000
200,10000
201,10000
202,50000
203,100000
204,10000
205,10000
206,50000
207,10000
208,100000
209,50000
210,10000
211,10000
212,50000
213,100000
214,10000
215,10000
216,50000
217,10000
218,100000
219,50000
220,10000
221,10000
222,50000
223,100000
224,10000
225,10000
226,50000
227,10000
228,100000
229,50000
230,10000
231,10000
232,50000
233,100000
234,10000
235,10000
236,50000
237,10000
238,100000
239,50000
240,10000
241,10000
242,50000
243,100000
244,10000
245,10000
246,50000
247,10000
248,100000
249,50000
250,10000
251,10000
252,50000
253,100000
254,10000
255,10000
256,50000
257,10000
258,100000
259,50000
260,10000
261,10000
262,50000
263,100000
264,10000
265,10000
266,50000
267,10000
268,100000
269,50000
270,10000
271,10000
272,50000
273,100000
274,10000
275,10000
276,50000
277,10000
278,100000
279,50000
280,10000
281,10000
282,50000
283,100000
284,10000
285,10000
286,50000
287,10000
288,100000
289,50000
290,10000
291,10000
292,50000
293,100000
294,10000
295,10000
296,50000
297,10000
298,100000
299,50000
300,10000
301,10000
302,50000
303,100000
304,10000
305,10000
306,50000
307,10000
308,100000
309,50000
310,10000
311,10000
312,50000
313,100000
314,10000
315,10000
316,50000
317,10000
318,100000
319,50000
320,10000
321,10000
322,50000
323,100000
324,10000
325,10000
326,50000
327,10000
328,100000
329,50000
330,10000
331,10000
332,50000
333,100000
334,10000
335,10000
336,50000
337,10000
338,100000
339,50000
340,10000
341,10000
342,50000
343,100000
344,10000
345,10000
346,50000
347,10000
348,100000
349,50000
350,10000
351,10000
352,50000
353,100000
354,10000
355,10000
356,50000
357,10000
358,100000
359,50000
360,10000
361,10000
362,50000
363,100000
364,10000
365,10000
366,50000
367,10000
368,100000
369,50000
370,10000
371,10000
372,50000
373,100000
374,10000
375,10000
376,50000
377,10000
378,100000
379,50000
380,10000
381,10000
382,50000
383,100000
384,10000
385,10000
386,50000
387,10000
388,100000
389,50000
390,10000
391,10000
392,50000
393,100000
394,10000
395,10000
396,50000
397,10000
398,100000
399,50000
400,10000
401,10000
402,50000
403,100000
404,10000
405,10000
406,50000
407,10000
408,100000
409,50000
410,10000
411,10000
412,50000
413,100000
414,10000
415,10000
416,50000
417,10000
418,100000
419,50000
420,10000
421,10000
422,50000
423,100000
424,10000
425,10000
426,50000
427,10000
428,100000
429,50000
430,10000
431,10000
432,50000
433,100000
434,10000
435,10000
436,50000
437,10000
438,100000
439,50000
440,10000
441,10000
442,50000
443,100000
444,10000
445,10000
446,50000
447,10000
448,100000
449,50000
450,10000
451,10000
452,50000
453,100000
454,10000
455,10000
456,50000
457,10000
458,100000
459,50000
460,10000
461,10000
462,50000
463,100000
464,10000
465,10000
466,50000
467,10000
468,100000
469,50000
470,10000
471,10000
472,50000
473,100000
474,10000
475,10000
476,50000
477,10000
478,100000
479,50000
480,10000
481,10000
482,50000
483,100000
484,10000
485,10000
486,50000
487,10000
488,100000
489,50000
490,10000
491,10000
492,50000
493,100000
494,10000
495,10000
496,50000
497,10000
498,100000
499,50000
500,10000
501,10000
502,50000
503,100000
504,10000
505,10000
506,50000
507,10000
508,100000
509,50000
510,10000
511,10000
512,50000
513,100000
514,10000
515,10000
516,50000
517,10000
518,100000
519,50000
520,10000
521,10000
522,50000
523,100000
524,10000
525,10000
526,50000
527,10000
528,100000
529,50000
530,10000
531,10000
532,50000
533,100000
534,10000
535,10000
536,50000
537,10000
538,100000
539,50000
540,10000
541,10000
542,50000
543,100000
544,10000
545,10000
546,50000
547,10000
548,100000
549,50000
550,10000
551,10000
552,50000
553,100000
554,10000
555,10000
556,50000
557,10000
558,100000
559,50000
560,10000
561,10000
562,50000
563,100000
564,10000
565,10000
566,50000
567,10000
568,100000
569,50000
570,10000
571,10000
572,50000
573,100000
574,10000
575,10000
576,50000
577,10000
578,100000
579,50000
580,10000
581,10000
582,50000
583,100000
584,10000
585,10000
586,50000
587,10000
588,100000
589,50000
590,10000
591,10000
592,50000
593,100000
594,10000
595,10000
596,50000
597,10000
598,100000
599,50000
600,10000
601,10000
602,50000
603,100000
604,10000
605,10000
606,50000
607,10000
608,100000
609,50000
610,10000
611,10000
612,50000
613,100000
614,10000
615,10000
616,50000
617,10000
618,100000
619,50000
620,10000
621,10000
622,50000
623,100000
624,10000
625,10000
626,50000
627,10000
628,100000
629,50000
630,10000
631,10000
632,50000
633,100000
634,10000
635,10000
636,50000
637,10000
638,100000
639,50000
640,10000
641,10000
642,50000
643,100000
644,10000
645,10000
646,50000
647,10000
648,100000
649,50000
650,10000
651,10000
652,50000
653,100000
654,10000
655,10000
656,50000
657,10000
658,100000
659,50000
660,10000
661,10000
662,50000
663,100000
664,10000
665,10000
666,50000
667,10000
668,100000
669,50000
670,10000
671,10000
672,50000
673,100000
674,10000
675,10000
676,50000
677,10000
678,100000
679,50000
680,10000
681,10000
682,50000
683,100000
684,10000
685,10000
686,50000
687,10000
688,100000
689,50000
690,10000
691,10000
692,50000
693,100000
694,10000
695,10000
696,50000
697,10000
698,100000
699,50000
700,10000
701,10000
702,50000
703,100000
704,10000
705,10000
706,50000
707,10000
708,100000
709,50000
710,10000
711,10000
712,50000
713,100000
714,10000
715,10000
716,50000
717,10000
718,100000
719,50000
720,10000
721,10000
722,50000
723,100000
724,10000
725,10000
726,50000
727,10000
728,100000
729,50000
730,10000
731,10000
732,50000
733,100000
734,10000
735,10000
736,50000
737,10000
738,100000
739,50000
740,10000
741,10000
742,50000
743,100000
744,10000
745,10000
746,50000
747,10000
748,100000
749,50000
750,10000
751,10000
752,50000
753,100000
754,10000
755,10000
756,50000
757,10000
758,100000
759,50000
760,10000
761,10000
762,50000
763,100000
764,10000
765,10000
766,50000
767,10000
768,100000
769,50000
770,10000
771,10000
772,50000
773,100000
774,10000
775,10000
776,50000
777,10000
778,100000
779,50000
780,10000
781,10000
782,50000
783,100000
784,10000
785,10000
786,50000
787,10000
788,100000
789,50000
790,10000
791,10000
792,50000
793,100000
794,10000
795,10000
796,50000
797,10000
798,100000
799,50000
800,10000
801,10000
802,50000
803,100000
804,10000
805,10000
806,50000
807,10000
808,100000
809,50000
810,10000
811,10000
812,50000
813,100000
814,10000
815,10000
816,50000
817,10000
818,100000
819,50000
820,10000
821,10000
822,50000
823,100000
824,10000
825,10000
826,50000
827,10000
828,100000
829,50000
830,10000
831,10000
832,50000
833,100000
834,10000
835,10000
836,50000
837,10000
838,100000
839,50000
840,10000
841,10000
842,50000
843,100000
844,10000
845,10000
846,50000
847,10000
848,100000
849,50000
850,10000
851,10000
852,50000
853,100000
854,10000
855,10000
856,50000
857,10000
858,100000
859,50000
860,10000
861,10000
862,50000
863,100000
864,10000
865,10000
866,50000
867,10000
868,100000
869,50000
870,10000
871,10000
872,50000
873,100000
874,10000
875,10000
876,50000
877,10000
878,100000
879,50000
880,10000
881,10000
882,50000
883,100000
884,10000
885,10000
886,50000
887,10000
888,100000
889,50000
890,10000
891,10000
892,50000
893,100000
894,10000
895,10000
896,50000
897,10000
898,100000
899,50000
900,10000
901,10000
902,50000
903,100000
904,10000
905,10000
906,50000
907,10000
908,100000
909,50000
910,10000
911,10000
912,50000
913,100000
914,10000
915,10000
916,50000
917,10000
918,100000
919,50000
920,10000
921,10000
922,50000
923,100000
924,10000
925,10000
926,50000
927,10000
928,100000
929,50000
930,10000
931,10000
932,50000
933,100000
934,10000
935,10000
936,50000
937,10000
938,100000
939,50000
940,10000
941,10000
942,50000
943,100000
944,10000
945,10000
946,50000
947,10000
948,100000
949,50000
950,10000
951,10000
952,50000
953,100000
954,10000
955,10000
956,50000
957,10000
958,100000
959,50000
960,10000
961,10000
962,50000
963,100000
964,10000
965,10000
966,50000
967,10000
968,100000
969,50000
970,10000
971,10000
972,50000
973,100000
974,10000
975,10000
976,50000
977,10000
978,100000
979,50000
980,10000
981,10000
982,50000
983,100000
984,10000
985,10000
986,50000
987,10000
988,100000
989,50000
990,10000
991,10000
992,50000
993,100000
994,10000
995,10000
996,50000
997,10000
998,100000
999,50000
1000,10000
1001,10000
1002,50000
1003,100000
1004,10000
1005,10000
1006,50000
1007,10000
1008,100000
1009,50000
1010,10000
1011,10000
1012,50000
1013,100000
1014,10000
1015,10000
1016,50000
1017,10000
1018,100000
1019,50000
1020,10000
1021,10000
1022,50000
1023,100000
1024,10000
1025,10000
1026,50000
1027,10000
1028,100000
1029,50000
1030,10000
1031,10000
1032,50000
1033,100000
1034,10000
1035,10000
1036,50000
1037,10000
1038,100000
1039,50000
1040,10000
1041,10000
1042,50000
1043,100000
1044,10000
1045,10000
1046,50000
1047,10000
1048,100000
1049,50000
1050,10000
1051,10000
1052,50000
1053,100000
1054,10000
1055,10000
1056,50000
1057,10000
1058,100000
1059,50000
1060,10000
1061,10000
1062,50000
1063,100000
1064,10000
1065,10000
1066,50000
1067,10000
1068,100000
1069,50000
1070,10000
1071,10000
1072,50000
1073,100000
1074,10000
1075,10000
1076,50000
1077,10000
1078,100000
1079,50000
1080,10000
1081,10000
1082,50000
1083,100000
1084,10000
1085,10000
1086,50000
1087,10000
1088,100000
1089,50000
1090,10000
1091,10000
1092,50000
1093,100000
1094,10000
1095,10000
1096,50000
1097,10000
1098,100000
1099,50000
1100,10000
1101,10000
1102,50000
1103,100000
1104,10000
1105,10000
1106,50000
1107,10000
1108,100000
1109,50000
1110,10000
1111,10000
1112,50000
1113,100000
1114,10000
1115,10000
1116,50000
1117,10000
1118,100000
1119,50000
1120,10000
1121,10000
1122,50000
1123,100000
1124,10000
1125,10000
1126,50000
1127,10000
1128,100000
1129,50000
1130,10000
1131,10000
1132,50000
1133,100000
1134,10000
1135,10000
1136,50000
1137,10000
1138,100000
1139,50000
1140,10000
1141,10000
1142,50000
1143,100000
1144,10000
1145,10000
1146,50000
1147,10000
1148,100000
1149,50000
1150,10000
1151,10000
1152,50000
1153,100000
1154,10000
1155,10000
1156,50000
1157,10000
1158,100000
1159,50000
1160,10000
1161,10000
1162,50000
1163,100000
1164,10000
1165,10000
1166,50000
1167,10000
1168,100000
1169,50000
1170,10000
1171,10000
1172,50000
1173,100000
1174,10000
1175,10000
1176,50000
1177,10000
1178,100000
1179,50000
1180,10000
1181,10000
1182,50000
1183,100000
1184,10000
1185,10000
1186,50000
1187,10000
1188,100000
1189,50000
1190,10000
1191,10000
1192,50000
1193,100000
1194,10000
1195,10000
1196,50000
1197,10000
1198,100000
1199,50000
1200,10000
1201,10000
1202,50000
1203,100000
1204,10000
1205,10000
1206,50000
1207,10000
1208,100000
1209,50000
1210,10000
1211,10000
1212,50000
1213,100000
1214,10000
1215,10000
1216,50000
1217,10000
1218,100000
1219,50000
1220,10000
1221,10000
1222,50000
1223,100000
1224,10000
1225,10000
1226,50000
1227,10000
1228,100000
1229,50000
1230,10000
1231,10000
1232,50000
1233,100000
1234,10000
1235,10000
1236,50000
1237,10000
1238,100000
1239,50000
1240,10000
1241,10000
1242,50000
1243,100000
1244,10000
1245,10000
1246,50000
1247,10000
1248,100000
1249,50000
1250,10000
1251,10000
1252,50000
1253,100000
1254,10000
1255,10000
1256,50000
1257,10000
1258,100000
1259,50000
1260,10000
1261,10000
1262,50000
1263,100000
1264,10000
1265,10000
1266,50000
1267,10000
1268,100000
1269,50000
1270,10000
1271,10000
1272,50000
1273,100000
1274,10000
1275,10000
1276,50000
1277,10000
1278,100000
1279,50000
1280,10000
1281,10000
1282,50000
1283,100000
1284,10000
1285,10000
1286,50000
1287,10000
1288,100000
1289,50000
1290,10000
1291,10000
1292,50000
1293,100000
1294,10000
1295,10000
1296,50000
1297,10000
1298,100000
1299,50000
1300,10000
1301,10000
1302,50000
1303,100000
1304,10000
1305,10000
1306,50000
1307,10000
1308,100000
1309,50000
1310,10000
1311,10000
1312,50000
1313,100000
1314,10000
1315,10000
1316,50000
1317,10000
1318,100000
1319,50000
1320,10000
1321,10000
1322,50000
1323,100000
1324,10000
1325,10000
1326,50000
1327,10000
1328,100000
1329,50000
1330,10000
1331,10000
1332,50000
1333,100000
1334,10000
1335,10000
1336,50000
1337,10000
1338,100000
1339,50000
1340,10000
1341,10000
1342,50000
1343,100000
1344,10000
1345,10000
1346,50000
1347,10000
1348,100000
1349,50000
1350,10000
1351,10000
1352,50000
1353,100000
1354,10000
1355,10000
1356,50000
1357,10000
1358,100000
1359,50000
1360,10000
1361,10000
1362,50000
1363,100000
1364,10000
1365,10000
1366,50000
1367,10000
1368,100000
1369,50000
1370,10000
1371,10000
1372,50000
1373,100000
1374,10000
1375,10000
1376,50000
1377,10000
1378,100000
1379,50000
1380,10000
1381,10000
1382,50000
1383,100000
1384,10000
1385,10000
1386,50000
1387,10000
1388,100000
1389,50000
1390,10000
1391,10000
1392,50000
1393,100000
1394,10000
1395,10000
1396,50000
1397,10000
1398,100000
1399,50000
1400,10000
1401,10000
1402,50000
1403,100000
1404,10000
1405,10000
1406,50000
1407,10000
1408,100000
1409,50000
1410,10000
1411,10000
1412,50000
1413,100000
1414,10000
1415,10000
1416,50000
1417,10000
1418,100000
1419,50000
1420,10000
1421,10000
1422,50000
1423,100000
1424,10000
1425,10000
1426,50000
1427,10000
1428,100000
1429,50000
1430,10000
1431,10000
1432,50000
1433,100000
1434,10000
1435,10000
1436,50000
1437,10000
1438,100000
1439,50000
1440,10000
1441,10000
1442,50000
1443,100000
1444,10000
1445,10000
1446,50000
1447,10000
1448,100000
1449,50000
1450,10000
1451,10000
1452,50000
1453,100000
1454,10000
1455,10000
1456,50000
1457,10000
1458,100000
1459,50000
1460,10000
1461,10000
1462,50000
1463,100000
1464,10000
1465,10000
1466,50000
1467,10000
1468,100000
1469,50000
1470,10000
1471,10000
1472,50000
1473,100000
1474,10000
1475,10000
1476,50000
1477,10000
1478,100000
1479,50000
1480,10000
1481,10000
1482,50000
1483,100000
1484,10000
1485,10000
1486,50000
1487,10000
1488,100000
1489,50000
1490,10000
1491,10000
1492,50000
1493,100000
1494,10000
1495,10000
1496,50000
1497,10000
1498,100000
1499,50000
1500,10000
1501,10000
1502,50000
1503,100000
1504,10000
1505,10000
1506,50000
1507,10000
1508,100000
1509,50000
1510,10000
1511,10000
1512,50000
1513,100000
1514,10000
1515,10000
1516,50000
1517,10000
1518,100000
1519,50000
1520,10000
1521,10000
1522,50000
1523,100000
1524,10000
1525,10000
1526,50000
1527,10000
1528,100000
1529,50000
1530,10000
1531,10000
1532,50000
1533,100000
1534,10000
1535,10000
1536,50000
1537,10000
1538,100000
1539,50000
1540,10000
1541,10000
1542,50000
1543,100000
1544,10000
1545,10000
1546,50000
1547,10000
1548,100000
1549,50000
1550,10000
1551,10000
1552,50000
1553,100000
1554,10000
1555,10000
1556,50000
1557,10000
1558,100000
1559,50000
1560,10000
1561,10000
1562,50000
1563,100000
1564,10000
1565,10000
1566,50000
1567,10000
1568,100000
1569,50000
1570,10000
1571,10000
1572,50000
1573,100000
1574,10000
1575,10000
1576,50000
1577,10000
1578,100000
1579,50000
1580,10000
1581,10000
1582,50000
1583,100000
1584,10000
1585,10000
1586,50000
1587,10000
1588,100000
1589,50000
1590,10000
1591,10000
1592,50000
1593,100000
1594,10000
1595,10000
1596,50000
1597,10000
1598,100000
1599,50000
1600,10000
1601,10000
1602,50000
1603,100000
1604,10000
1605,10000
1606,50000
1607,10000
1608,100000
1609,50000
1610,10000
1611,10000
1612,50000
1613,100000
1614,10000
1615,10000
1616,50000
1617,10000
1618,100000
1619,50000
1620,10000
1621,10000
1622,50000
1623,100000
1624,10000
1625,10000
1626,50000
1627,10000
1628,100000
1629,50000
1630,10000
1631,10000
1632,50000
1633,100000
1634,10000
1635,10000
1636,50000
1637,10000
1638,100000
1639,50000
1640,10000
1641,10000
1642,50000
1643,100000
1644,10000
1645,10000
1646,50000
1647,10000
1648,100000
1649,50000
1650,10000
1651,10000
1652,50000
1653,100000
1654,10000
1655,10000
1656,50000
1657,10000
1658,100000
1659,50000
1660,10000
1661,10000
1662,50000
1663,100000
1664,10000
1665,10000
1666,50000
1667,10000
1668,100000
1669,50000
1670,10000
1671,10000
1672,50000
1673,100000
1674,10000
1675,10000
1676,50000
1677,10000
1678,100000
1679,50000
1680,10000
1681,10000
1682,50000
1683,100000
1684,10000
1685,10000
1686,50000
1687,10000
1688,100000
1689,50000
1690,10000
1691,10000
1692,50000
1693,100000
1694,10000
1695,10000
1696,50000
1697,10000
1698,100000
1699,50000
1700,10000
1701,10000
1702,50000
1703,100000
1704,10000
1705,10000
1706,50000
1707,10000
1708,100000
1709,50000
1710,10000
1711,10000
1712,50000
1713,100000
1714,10000
1715,10000
1716,50000
1717,10000
1718,100000
1719,50000
1720,10000
1721,10000
1722,50000
1723,100000
1724,10000
1725,10000
1726,50000
1727,10000
1728,100000
1729,50000
1730,10000
1731,10000
1732,50000
1733,100000
1734,10000
1735,10000
1736,50000
1737,10000
1738,100000
1739,50000
1740,10000
1741,10000
1742,50000
1743,100000
1744,10000
1745,10000
1746,50000
1747,10000
1748,100000
1749,50000
1750,10000
1751,10000
1752,50000
1753,100000
1754,10000
1755,10000
1756,50000
1757,10000
1758,100000
1759,50000
1760,10000
1761,10000
1762,50000
1763,100000
1764,10000
1765,10000
1766,50000
1767,10000
1768,100000
1769,50000
1770,10000
1771,10000
1772,50000
1773,100000
1774,10000
1775,10000
1776,50000
1777,10000
1778,100000
1779,50000
1780,10000
1781,10000
1782,50000
1783,100000
1784,10000
1785,10000
1786,50000
1787,10000
1788,100000
1789,50000
1790,10000
1791,10000
1792,50000
1793,100000
1794,10000
1795,10000
1796,50000
1797,10000
1798,100000
1799,50000
1800,10000
1801,10000
1802,50000
1803,100000
1804,10000
1805,10000
1806,50000
1807,10000
1808,100000
1809,50000
1810,10000
1811,10000
1812,50000
1813,100000
1814,10000
1815,10000
1816,50000
1817,10000
1818,100000
1819,50000
1820,10000
1821,10000
1822,50000
1823,100000
1824,10000
1825,10000
1826,50000
1827,10000
1828,100000
1829,50000
1830,10000
1831,10000
1832,50000
1833,100000
1834,10000
1835,10000
1836,50000
1837,10000
1838,100000
1839,50000
1840,10000
1841,10000
1842,50000
1843,100000
1844,10000
1845,10000
1846,50000
1847,10000
1848,100000
1849,50000
1850,10000
1851,10000
1852,50000
1853,100000
1854,10000
1855,10000
1856,50000
1857,10000
1858,100000
1859,50000
1860,10000
1861,10000
1862,50000
1863,100000
1864,10000
1865,10000
1866,50000
1867,10000
1868,100000
1869,50000
1870,10000
1871,10000
1872,50000
1873,100000
1874,10000
1875,10000
1876,50000
1877,10000
1878,100000
1879,50000
1880,10000
1881,10000
1882,50000
1883,100000
1884,10000
1885,10000
1886,50000
1887,10000
1888,100000
1889,50000
1890,10000
1891,10000
1892,50000
1893,100000
1894,10000
1895,10000
1896,50000
1897,10000
1898,100000
1899,50000
1900,10000
1901,10000
1902,50000
1903,100000
1904,10000
1905,10000
1906,50000
1907,10000
1908,100000
1909,50000
1910,10000
1911,10000
1912,50000
1913,100000
1914,10000
1915,10000
1916,50000
1917,10000
1918,100000
1919,50000
1920,10000
1921,10000
1922,50000
1923,100000
1924,10000
1925,10000
1926,50000
1927,10000
1928,100000
1929,50000
1930,10000
1931,10000
1932,50000
1933,100000
1934,10000
1935,10000
1936,50000
1937,10000
1938,100000
1939,50000
1940,10000
1941,10000
1942,50000
1943,100000
1944,10000
1945,10000
1946,50000
1947,10000
1948,100000
1949,50000
1950,10000
1951,10000
1952,50000
1953,100000
1954,10000
1955,10000
1956,50000
1957,10000
1958,100000
1959,50000
1960,10000
1961,10000
1962,50000
1963,100000
1964,10000
1965,10000
1966,50000
1967,10000
1968,100000
1969,50000
1970,10000
1971,10000
1972,50000
1973,100000
1974,10000
1975,10000
1976,50000
1977,10000
1978,100000
1979,50000
1980,10000
1981,10000
1982,50000
1983,100000
1984,10000
1985,10000
1986,50000
1987,10000
1988,100000
1989,50000
1990,10000
1991,10000
1992,50000
1993,100000
1994,10000
1995,10000
1996,50000
1997,10000
1998,100000
1999,50000
2000,10000
