task_id,length_mi,file_bytes,output_bytes,vm_id,vm_mips,rate_per_second,start_s,finish_s,cpu_s,cost
0,23770,688128,433152,0,1000,0.001000,0.000001,23.769234,23.769233,0.023769
1,87741,773120,250880,1,1500,0.001300,0.000001,58.493601,58.493600,0.076042
2,34894,132096,225280,2,2000,0.001700,0.000001,17.446834,17.446833,0.029660
3,15914,865280,671744,3,2500,0.002200,0.000001,6.365601,6.365600,0.014004
4,46477,273408,354304,4,1000,0.001000,0.000001,46.476101,46.476100,0.046476
5,11558,679936,789504,5,1500,0.001300,0.000001,7.704934,7.704933,0.010016
6,60063,518144,956416,6,2000,0.001700,0.000001,30.031234,30.031233,0.051053
7,84238,178176,588800,7,2500,0.002200,0.000001,33.694834,33.694833,0.074129
8,33350,956416,788480,3,2500,0.002200,6.365601,19.705234,13.339633,0.029347
9,68411,835584,640000,5,1500,0.001300,7.704934,53.311734,45.606800,0.059289
10,62549,325632,472064,2,2000,0.001700,17.446834,48.720934,31.274100,0.053166
11,95105,997376,600064,3,2500,0.002200,19.705234,57.746934,38.041700,0.083692
12,31103,459776,730112,0,1000,0.001000,23.769234,54.871734,31.102500,0.031102
13,94623,352256,847872,6,2000,0.001700,30.031234,77.342301,47.311067,0.080429
14,46198,184320,325632,7,2500,0.002200,33.694834,52.173734,18.478900,0.040654
15,38371,862208,487424,4,1000,0.001000,46.476101,84.846601,38.370500,0.038370
16,69408,825344,420864,2,2000,0.001700,48.720934,83.424601,34.703667,0.058996
17,29690,803840,1004544,7,2500,0.002200,52.173734,64.049368,11.875633,0.026126
18,37194,784384,259072,5,1500,0.001300,53.311734,78.107101,24.795367,0.032234
19,52135,406528,212992,0,1000,0.001000,54.871734,107.006034,52.134300,0.052134
20,84431,405504,209920,3,2500,0.002200,57.746934,91.519001,33.772067,0.074299
21,11363,158720,243712,1,1500,0.001300,58.493601,66.068334,7.574733,0.009847
22,53221,566272,172032,7,2500,0.002200,64.049368,85.337401,21.288033,0.046834
23,60470,727040,248832,1,1500,0.001300,66.068334,106.381034,40.312700,0.052407
24,92858,279552,699392,6,2000,0.001700,77.342301,123.771001,46.428700,0.078929
25,68253,1020928,159744,5,1500,0.001300,78.107101,123.608501,45.501400,0.059152
26,69347,202752,318464,2,2000,0.001700,83.424601,118.097668,34.673067,0.058944
27,79497,333824,683008,4,1000,0.001000,84.846601,164.342768,79.496167,0.079496
28,74204,280576,138240,7,2500,0.002200,85.337401,115.018668,29.681267,0.065299
29,87928,802816,183296,3,2500,0.002200,91.519001,126.689834,35.170833,0.077376
30,67053,755712,874496,1,1500,0.001300,106.381034,151.082768,44.701733,0.058112
31,85068,379904,295936,0,1000,0.001000,107.006034,192.073701,85.067667,0.085068
32,87574,673792,936960,7,2500,0.002200,115.018668,150.048101,35.029433,0.077065
33,60249,827392,221184,2,2000,0.001700,118.097668,148.221701,30.124033,0.051211
34,72432,560128,418816,5,1500,0.001300,123.608501,171.896401,48.287900,0.062774
35,96855,964608,826368,6,2000,0.001700,123.771001,172.198401,48.427400,0.082327
36,31636,336896,367616,3,2500,0.002200,126.689834,139.344201,12.654367,0.027840
37,71168,897024,851968,3,2500,0.002200,139.344201,167.811068,28.466867,0.062627
38,34806,171008,302080,2,2000,0.001700,148.221701,165.624268,17.402567,0.029584
39,68634,862208,728064,7,2500,0.002200,150.048101,177.501601,27.453500,0.060398
40,83610,1017856,641024,1,1500,0.001300,151.082768,206.822134,55.739367,0.072461
41,98367,764928,266240,4,1000,0.001000,164.342768,262.709068,98.366300,0.098366
42,33016,309248,295936,2,2000,0.001700,165.624268,182.132101,16.507833,0.028063
43,40772,579584,732160,3,2500,0.002200,167.811068,184.119701,16.308633,0.035879
44,38947,571392,335872,5,1500,0.001300,171.896401,197.861034,25.964633,0.033754
45,80175,997376,613376,6,2000,0.001700,172.198401,212.285434,40.087033,0.068148
46,63615,414720,227328,7,2500,0.002200,177.501601,202.947434,25.445833,0.055981
47,86161,839680,599040,2,2000,0.001700,182.132101,225.212168,43.080067,0.073236
48,59034,153600,166912,3,2500,0.002200,184.119701,207.732934,23.613233,0.051949
49,76133,577536,312320,0,1000,0.001000,192.073701,268.206068,76.132367,0.076132
50,32187,954368,176128,5,1500,0.001300,197.861034,219.318768,21.457733,0.027895
51,47505,699392,964608,7,2500,0.002200,202.947434,221.949168,19.001733,0.041804
52,57181,449536,286720,1,1500,0.001300,206.822134,244.942568,38.120433,0.049557
53,32690,596992,423936,3,2500,0.002200,207.732934,220.808601,13.075667,0.028766
54,68452,598016,246784,6,2000,0.001700,212.285434,246.511068,34.225633,0.058184
55,93393,206848,147456,5,1500,0.001300,219.318768,281.580501,62.261733,0.080940
56,90535,728064,580608,3,2500,0.002200,220.808601,257.022268,36.213667,0.079670
57,11085,240640,771072,7,2500,0.002200,221.949168,226.382801,4.433633,0.009754
58,98087,700416,522240,2,2000,0.001700,225.212168,274.255301,49.043133,0.083373
59,10375,566272,892928,7,2500,0.002200,226.382801,230.532568,4.149767,0.009129
60,66527,846848,690176,7,2500,0.002200,230.532568,257.143068,26.610500,0.058543
61,60008,500736,509952,1,1500,0.001300,244.942568,284.947434,40.004867,0.052006
62,86757,524288,776192,6,2000,0.001700,246.511068,289.889434,43.378367,0.073743
63,68555,301056,652288,3,2500,0.002200,257.022268,284.444101,27.421833,0.060328
64,52531,603136,648192,7,2500,0.002200,257.143068,278.155168,21.012100,0.046227
65,22284,271360,618496,4,1000,0.001000,262.709068,284.992434,22.283367,0.022283
66,66710,818176,107520,0,1000,0.001000,268.206068,334.915268,66.709200,0.066709
67,97006,621568,888832,2,2000,0.001700,274.255301,322.758134,48.502833,0.082455
68,99688,704512,158720,7,2500,0.002200,278.155168,318.030134,39.874967,0.087725
69,98583,361472,451584,5,1500,0.001300,281.580501,347.302201,65.721700,0.085438
70,50833,399360,856064,3,2500,0.002200,284.444101,304.777034,20.332933,0.044732
71,94717,150528,633856,1,1500,0.001300,284.947434,348.091534,63.144100,0.082087
72,80438,325632,498688,4,1000,0.001000,284.992434,365.429834,80.437400,0.080437
73,39651,275456,937984,6,2000,0.001700,289.889434,309.714534,19.825100,0.033703
74,88750,149504,815104,3,2500,0.002200,304.777034,340.276734,35.499700,0.078099
75,39736,198656,515072,6,2000,0.001700,309.714534,329.582268,19.867733,0.033775
76,20226,316416,660480,7,2500,0.002200,318.030134,326.120268,8.090133,0.017798
77,39567,489472,542720,2,2000,0.001700,322.758134,342.541234,19.783100,0.033631
78,66374,716800,235520,7,2500,0.002200,326.120268,352.669534,26.549267,0.058408
79,28329,836608,948224,6,2000,0.001700,329.582268,343.746368,14.164100,0.024079
80,52901,811008,351232,0,1000,0.001000,334.915268,387.815701,52.900433,0.052900
81,13852,990208,349184,3,2500,0.002200,340.276734,345.817168,5.540433,0.012189
82,45534,189440,412672,2,2000,0.001700,342.541234,365.307834,22.766600,0.038703
83,29594,516096,537600,6,2000,0.001700,343.746368,358.543034,14.796667,0.025154
84,74233,874496,315392,3,2500,0.002200,345.817168,375.510034,29.692867,0.065324
85,93310,431104,624640,5,1500,0.001300,347.302201,409.508301,62.206100,0.080868
86,54406,592896,501760,1,1500,0.001300,348.091534,384.361701,36.270167,0.047151
87,74459,346112,842752,7,2500,0.002200,352.669534,382.452834,29.783300,0.065523
88,73740,1009664,958464,6,2000,0.001700,358.543034,395.412701,36.869667,0.062678
89,91692,668672,406528,2,2000,0.001700,365.307834,411.153468,45.845633,0.077938
90,72321,191488,711680,4,1000,0.001000,365.429834,437.750101,72.320267,0.072320
91,30961,437248,263168,3,2500,0.002200,375.510034,387.894101,12.384067,0.027245
92,84366,735232,863232,7,2500,0.002200,382.452834,416.199001,33.746167,0.074242
93,63442,920576,262144,1,1500,0.001300,384.361701,426.655801,42.294100,0.054982
94,31486,537600,267264,0,1000,0.001000,387.815701,419.301001,31.485300,0.031485
95,17534,630784,1016832,3,2500,0.002200,387.894101,394.907368,7.013267,0.015429
96,33223,729088,382976,3,2500,0.002200,394.907368,408.196301,13.288933,0.029236
97,85211,161792,924672,6,2000,0.001700,395.412701,438.018101,42.605400,0.072429
98,41554,750592,1007616,3,2500,0.002200,408.196301,424.817801,16.621500,0.036567
99,97316,418816,566272,5,1500,0.001300,409.508301,474.385068,64.876767,0.084340
100,41948,757760,542720,2,2000,0.001700,411.153468,432.127301,20.973833,0.035656
101,53526,392192,959488,7,2500,0.002200,416.199001,437.609101,21.410100,0.047102
102,16660,138240,539648,0,1000,0.001000,419.301001,435.960301,16.659300,0.016659
103,99718,627712,309248,3,2500,0.002200,424.817801,464.704868,39.887067,0.087752
104,18506,556032,788480,1,1500,0.001300,426.655801,438.992768,12.336967,0.016038
105,39769,609280,149504,2,2000,0.001700,432.127301,452.011668,19.884367,0.033803
106,31611,521216,834560,0,1000,0.001000,435.960301,467.570734,31.610433,0.031610
107,34466,861184,517120,7,2500,0.002200,437.609101,451.395168,13.786067,0.030329
108,88591,124928,635904,4,1000,0.001000,437.750101,526.340868,88.590767,0.088591
109,23090,635904,598016,6,2000,0.001700,438.018101,449.562768,11.544667,0.019626
110,87284,772096,685056,1,1500,0.001300,438.992768,497.181868,58.189100,0.075646
111,69048,219136,212992,6,2000,0.001700,449.562768,484.086601,34.523833,0.058691
112,21514,973824,658432,7,2500,0.002200,451.395168,460.000468,8.605300,0.018932
113,62291,172032,201728,2,2000,0.001700,452.011668,483.157101,31.145433,0.052947
114,15699,311296,819200,7,2500,0.002200,460.000468,466.279734,6.279267,0.013814
115,62376,204800,268288,3,2500,0.002200,464.704868,489.655201,24.950333,0.054891
116,27143,933888,783360,7,2500,0.002200,466.279734,477.136601,10.856867,0.023885
117,18199,958464,532480,0,1000,0.001000,467.570734,485.769601,18.198867,0.018199
118,39596,755712,621568,5,1500,0.001300,474.385068,500.781868,26.396800,0.034316
119,81603,879616,748544,7,2500,0.002200,477.136601,509.777468,32.640867,0.071810
120,93554,1024000,272384,2,2000,0.001700,483.157101,529.933634,46.776533,0.079520
121,55110,962560,180224,6,2000,0.001700,484.086601,511.641468,27.554867,0.046843
122,55406,319488,239616,0,1000,0.001000,485.769601,541.175434,55.405833,0.055406
123,47476,209920,736256,3,2500,0.002200,489.655201,508.645468,18.990267,0.041779
124,25631,533504,248832,1,1500,0.001300,497.181868,514.268801,17.086933,0.022213
125,52086,598016,417792,5,1500,0.001300,500.781868,535.505401,34.723533,0.045141
126,22120,413696,661504,3,2500,0.002200,508.645468,517.493201,8.847733,0.019465
127,46837,632832,674816,7,2500,0.002200,509.777468,528.512068,18.734600,0.041216
128,70166,241664,454656,6,2000,0.001700,511.641468,546.724101,35.082633,0.059640
129,12863,752640,986112,1,1500,0.001300,514.268801,522.843868,8.575067,0.011148
130,45579,531456,889856,3,2500,0.002200,517.493201,535.724434,18.231233,0.040109
131,15927,582656,361472,1,1500,0.001300,522.843868,533.461401,10.617533,0.013803
132,46370,801792,733184,4,1000,0.001000,526.340868,572.709901,46.369033,0.046369
133,76185,977920,238592,7,2500,0.002200,528.512068,558.985834,30.473767,0.067042
134,29151,158720,218112,2,2000,0.001700,529.933634,544.508934,14.575300,0.024778
135,88495,512000,163840,1,1500,0.001300,533.461401,592.457734,58.996333,0.076695
136,87934,677888,927744,5,1500,0.001300,535.505401,594.127734,58.622333,0.076209
137,51299,569344,941056,3,2500,0.002200,535.724434,556.243834,20.519400,0.045143
138,12904,1016832,567296,0,1000,0.001000,541.175434,554.079101,12.903667,0.012904
139,70373,933888,623616,2,2000,0.001700,544.508934,579.695334,35.186400,0.059817
140,99247,353280,875520,6,2000,0.001700,546.724101,596.347234,49.623133,0.084359
141,96536,901120,797696,0,1000,0.001000,554.079101,650.614401,96.535300,0.096535
142,88360,855040,739328,3,2500,0.002200,556.243834,591.587734,35.343900,0.077757
143,78649,204800,224256,7,2500,0.002200,558.985834,590.445334,31.459500,0.069211
144,87890,601088,168960,4,1000,0.001000,572.709901,660.598968,87.889067,0.087889
145,87745,185344,823296,2,2000,0.001700,579.695334,623.567434,43.872100,0.074583
146,82404,109568,316416,7,2500,0.002200,590.445334,623.406601,32.961267,0.072515
147,98160,494592,310272,3,2500,0.002200,591.587734,630.851434,39.263700,0.086380
148,34595,514048,109568,1,1500,0.001300,592.457734,615.520734,23.063000,0.029982
149,18406,805888,640000,5,1500,0.001300,594.127734,606.397901,12.270167,0.015951
150,22849,1014784,190464,6,2000,0.001700,596.347234,607.771401,11.424167,0.019421
151,93363,896000,578560,5,1500,0.001300,606.397901,668.639501,62.241600,0.080914
152,21353,327680,221184,6,2000,0.001700,607.771401,618.447734,10.676333,0.018150
153,46683,1006592,568320,1,1500,0.001300,615.520734,646.642401,31.121667,0.040458
154,29722,678912,286720,6,2000,0.001700,618.447734,633.308434,14.860700,0.025263
155,54313,761856,366592,7,2500,0.002200,623.406601,645.131734,21.725133,0.047795
156,38691,872448,674816,2,2000,0.001700,623.567434,642.912601,19.345167,0.032887
157,89554,745472,502784,3,2500,0.002200,630.851434,666.672834,35.821400,0.078807
158,37162,254976,940032,6,2000,0.001700,633.308434,651.888968,18.580533,0.031587
159,68345,437248,588800,2,2000,0.001700,642.912601,677.084668,34.172067,0.058093
160,11622,627712,878592,7,2500,0.002200,645.131734,649.780401,4.648667,0.010227
161,29792,600064,299008,1,1500,0.001300,646.642401,666.503401,19.861000,0.025819
162,69428,967680,443392,7,2500,0.002200,649.780401,677.551401,27.771000,0.061096
163,60155,376832,620544,0,1000,0.001000,650.614401,710.769034,60.154633,0.060155
164,83446,804864,491520,6,2000,0.001700,651.888968,693.611601,41.722633,0.070928
165,38446,595968,886784,4,1000,0.001000,660.598968,699.044601,38.445633,0.038446
166,90619,955392,742400,1,1500,0.001300,666.503401,726.915434,60.412033,0.078536
167,82435,110592,283648,3,2500,0.002200,666.672834,699.646534,32.973700,0.072542
168,21844,910336,208896,5,1500,0.001300,668.639501,683.201601,14.562100,0.018931
169,89614,953344,149504,2,2000,0.001700,677.084668,721.891434,44.806767,0.076172
170,10353,510976,929792,7,2500,0.002200,677.551401,681.692268,4.140867,0.009110
171,77618,834560,490496,7,2500,0.002200,681.692268,712.739101,31.046833,0.068303
172,69919,878592,701440,5,1500,0.001300,683.201601,729.814101,46.612500,0.060596
173,18063,270336,629760,6,2000,0.001700,693.611601,702.643034,9.031433,0.015353
174,24655,534528,789504,4,1000,0.001000,699.044601,723.699434,24.654833,0.024655
175,81192,586752,496640,3,2500,0.002200,699.646534,732.123068,32.476533,0.071448
176,96563,492544,432128,6,2000,0.001700,702.643034,750.924068,48.281033,0.082078
177,43992,616448,385024,0,1000,0.001000,710.769034,754.760268,43.991233,0.043991
178,99501,521216,1011712,7,2500,0.002200,712.739101,752.539268,39.800167,0.087560
179,52928,415744,118784,2,2000,0.001700,721.891434,748.355068,26.463633,0.044988
180,16763,913408,361472,4,1000,0.001000,723.699434,740.462068,16.762633,0.016763
181,88129,602112,825344,1,1500,0.001300,726.915434,785.667501,58.752067,0.076378
182,74813,1024000,963584,5,1500,0.001300,729.814101,779.688834,49.874733,0.064837
183,87223,518144,692224,3,2500,0.002200,732.123068,767.012001,34.888933,0.076756
184,99413,307200,476160,4,1000,0.001000,740.462068,839.874101,99.412033,0.099412
185,26878,415744,531456,2,2000,0.001700,748.355068,761.793768,13.438700,0.022846
186,37994,408576,586752,6,2000,0.001700,750.924068,769.920668,18.996600,0.032294
187,83815,840704,458752,7,2500,0.002200,752.539268,786.064901,33.525633,0.073756
188,38904,431104,209920,0,1000,0.001000,754.760268,793.663901,38.903633,0.038904
189,83897,214016,114688,2,2000,0.001700,761.793768,803.741934,41.948167,0.071312
190,18617,311296,248832,3,2500,0.002200,767.012001,774.458601,7.446600,0.016383
191,13467,583680,934912,6,2000,0.001700,769.920668,776.654101,6.733433,0.011447
192,95940,821248,300032,3,2500,0.002200,774.458601,812.834234,38.375633,0.084426
193,63272,688128,954368,6,2000,0.001700,776.654101,808.289734,31.635633,0.053781
194,31069,424960,718848,5,1500,0.001300,779.688834,800.401234,20.712400,0.026926
195,43560,793600,450560,1,1500,0.001300,785.667501,814.706901,29.039400,0.037751
196,67519,811008,542720,7,2500,0.002200,786.064901,813.072234,27.007333,0.059416
197,54794,618496,515072,0,1000,0.001000,793.663901,848.457101,54.793200,0.054793
198,93211,371712,345088,5,1500,0.001300,800.401234,862.541768,62.140533,0.080783
199,15819,404480,823296,2,2000,0.001700,803.741934,811.651234,7.909300,0.013446
